date,Open,High,Low,Close,Pair,Weekly_Return
2024-04-05,1.35436,1.36475,1.3478,1.35895,USD/CAD,
2024-04-12,1.35921,1.37873,1.35474,1.37713,USD/CAD,1.3377975642959505
2024-04-19,1.37768,1.38462,1.37235,1.37491,USD/CAD,-0.16120482452636198
2024-04-26,1.3753,1.37575,1.3633,1.36687,USD/CAD,-0.5847655482904335
2024-05-03,1.36641,1.37848,1.361,1.36856,USD/CAD,0.12364014134482737
2024-05-10,1.36812,1.37628,1.36335,1.3672,USD/CAD,-0.09937452504822364
2024-05-17,1.36707,1.36907,1.359,1.36109,USD/CAD,-0.4468987712112349
2024-05-24,1.36152,1.37435,1.35961,1.36663,USD/CAD,0.4070267212307854
2024-05-31,1.36662,1.37349,1.3615,1.36259,USD/CAD,-0.29561768730380633
2024-06-07,1.36303,1.37678,1.36029,1.37652,USD/CAD,1.0223177918522897
2024-06-14,1.37613,1.37918,1.36802,1.37344,USD/CAD,-0.22375265161421742
2024-06-21,1.37266,1.37645,1.36747,1.36932,USD/CAD,-0.2999767008387666
2024-06-28,1.36935,1.37343,1.36231,1.36773,USD/CAD,-0.11611602839366464
2024-07-05,1.3675,1.37554,1.36026,1.36416,USD/CAD,-0.2610164286810934
2024-07-12,1.36444,1.36485,1.35889,1.36347,USD/CAD,-0.050580577058412235
2024-07-19,1.36448,1.37478,1.36304,1.37332,USD/CAD,0.722421468752521
2024-07-26,1.37192,1.38491,1.37055,1.38335,USD/CAD,0.7303468965718096
2024-08-02,1.38332,1.38892,1.37874,1.38742,USD/CAD,0.2942133227310517
2024-08-09,1.38702,1.39468,1.37181,1.37292,USD/CAD,-1.045105303368854
2024-08-16,1.37275,1.37479,1.36804,1.36815,USD/CAD,-0.34743466480202656
2024-08-23,1.36815,1.3686,1.34988,1.35088,USD/CAD,-1.2622884917589339
2024-08-30,1.35069,1.35162,1.3441,1.34928,USD/CAD,-0.11844131232974231
2024-09-06,1.34879,1.35825,1.34549,1.35716,USD/CAD,0.5840151784655356
2024-09-13,1.35634,1.3623,1.35465,1.35895,USD/CAD,0.13189307082437374
2024-09-20,1.35923,1.36476,1.35331,1.35677,USD/CAD,-0.16041796975606593
2024-09-27,1.35628,1.35822,1.34196,1.35194,USD/CAD,-0.35599254110867395
2024-10-04,1.3511,1.35913,1.34724,1.35774,USD/CAD,0.4290131218841031
2024-10-11,1.35733,1.37838,1.35705,1.37642,USD/CAD,1.3758156937263344
2024-10-18,1.3759,1.38388,1.37472,1.38042,USD/CAD,0.2906089710989379
2024-10-25,1.3787,1.38977,1.3787,1.38942,USD/CAD,0.6519754857217563
2024-11-01,1.3889,1.39593,1.38768,1.39552,USD/CAD,0.439032114119553
2024-11-08,1.39241,1.39592,1.38229,1.39085,USD/CAD,-0.33464228387986017
2024-11-15,1.39173,1.41063,1.39046,1.40878,USD/CAD,1.289139734694622
2024-11-22,1.40922,1.41031,1.3931,1.39797,USD/CAD,-0.767330598106164
2024-11-29,1.39542,1.41787,1.39274,1.40052,USD/CAD,0.1824073477971755
2024-12-06,1.39935,1.41651,1.39911,1.41583,USD/CAD,1.0931653957101606
2024-12-13,1.41565,1.42454,1.40934,1.42334,USD/CAD,0.5304309133158824
2024-12-20,1.4234,1.44678,1.42166,1.43516,USD/CAD,0.8304410752174363
2024-12-27,1.4371,1.445,1.43483,1.44109,USD/CAD,0.4131943476685551
2025-01-03,1.44159,1.4464,1.43379,1.44488,USD/CAD,0.2629953715590272
2025-01-10,1.44449,1.44512,1.42795,1.44214,USD/CAD,-0.18963512540833838
2025-01-17,1.44239,1.44854,1.43022,1.44767,USD/CAD,0.3834579167071084
2025-01-24,1.44736,1.45172,1.4261,1.43454,USD/CAD,-0.9069746558262648
2025-01-31,1.43664,1.45954,1.43335,1.45497,USD/CAD,1.4241499017106696
2025-02-07,1.47225,1.4793,1.42698,1.42915,USD/CAD,-1.7746070365712074
2025-02-14,1.43553,1.43812,1.41507,1.41771,USD/CAD,-0.80047580729804
2025-02-21,1.41726,1.4246,1.41592,1.42233,USD/CAD,0.32587764775589
2025-02-28,1.42268,1.44725,1.41817,1.44565,USD/CAD,1.6395632518473313
2025-03-07,1.44522,1.45432,1.42395,1.43874,USD/CAD,-0.477985681181492
2025-03-14,1.43705,1.45214,1.4353,1.43659,USD/CAD,-0.14943631232883225
2025-03-21,1.43662,1.44019,1.42684,1.4351,USD/CAD,-0.10371783181004623
2025-03-28,1.43538,1.43544,1.42348,1.43148,USD/CAD,-0.25224723015817574
2025-04-04,1.40967,1.42573,1.40548,1.42259,USD/CAD,-0.6210355715762783
2024-04-05,0.90191,0.90956,0.89981,0.90227,USD/CHF,
2024-04-12,0.90122,0.91475,0.90031,0.91443,USD/CHF,1.3477118822525336
2024-04-19,0.91211,0.91521,0.90112,0.91019,USD/CHF,-0.46367682600089166
2024-04-26,0.91007,0.91569,0.9087,0.91445,USD/CHF,0.4680341467166116
2024-05-03,0.91355,0.92244,0.90065,0.90494,USD/CHF,-1.0399693805019483
2024-05-10,0.90494,0.90987,0.90359,0.9065,USD/CHF,0.17238711958804664
2024-05-17,0.90639,0.91026,0.89882,0.90911,USD/CHF,0.28792057363487
2024-05-24,0.90887,0.91586,0.90788,0.91474,USD/CHF,0.6192869949731117
2024-05-31,0.91448,0.91536,0.90025,0.90238,USD/CHF,-1.3512036207009692
2024-06-07,0.90245,0.90358,0.88813,0.89663,USD/CHF,-0.6372038387375545
2024-06-14,0.89657,0.89934,0.88932,0.89027,USD/CHF,-0.7093226860578006
2024-06-21,0.89023,0.89578,0.88269,0.89428,USD/CHF,0.4504251519201974
2024-06-28,0.89376,0.90099,0.89134,0.89868,USD/CHF,0.4920159234244492
2024-07-05,0.89748,0.90505,0.8954,0.8958,USD/CHF,-0.32047002269995906
2024-07-12,0.89617,0.9001,0.89154,0.89451,USD/CHF,-0.1440053583389167
2024-07-19,0.8945,0.8979,0.88201,0.8889,USD/CHF,-0.6271590032531749
2024-07-26,0.88807,0.89241,0.8777,0.88387,USD/CHF,-0.5658679266509092
2024-08-02,0.88395,0.88756,0.85738,0.85795,USD/CHF,-2.9325579553554304
2024-08-09,0.85844,0.86741,0.84325,0.86527,USD/CHF,0.8531965732268665
2024-08-16,0.86463,0.87486,0.86179,0.86624,USD/CHF,0.11210373640597737
2024-08-23,0.86566,0.86776,0.84706,0.84768,USD/CHF,-2.1425932766900635
2024-08-30,0.84812,0.85107,0.84003,0.84999,USD/CHF,0.27250849377122854
2024-09-06,0.84987,0.85378,0.83746,0.84327,USD/CHF,-0.7905975364416173
2024-09-13,0.84357,0.85497,0.84221,0.84902,USD/CHF,0.6818693894007799
2024-09-20,0.84761,0.8517,0.83909,0.85035,USD/CHF,0.15665119785164272
2024-09-27,0.84983,0.8518,0.8402,0.84041,USD/CHF,-1.1689304404069012
2024-10-04,0.84118,0.86079,0.84035,0.85811,USD/CHF,2.106114872502718
2024-10-11,0.85923,0.86155,0.85304,0.8573,USD/CHF,-0.09439349267577057
2024-10-18,0.85734,0.86697,0.85695,0.86479,USD/CHF,0.8736731599206848
2024-10-25,0.86476,0.86861,0.86332,0.86672,USD/CHF,0.22317556863518107
2024-11-01,0.86814,0.87116,0.86321,0.86987,USD/CHF,0.3634391729739672
2024-11-08,0.86751,0.87748,0.86147,0.87521,USD/CHF,0.6138848333659075
2024-11-15,0.87613,0.89179,0.8752,0.88761,USD/CHF,1.416802824464991
2024-11-22,0.88775,0.89578,0.88013,0.8924,USD/CHF,0.5396514234855321
2024-11-29,0.89152,0.892,0.87954,0.88396,USD/CHF,-0.9457642312864167
2024-12-06,0.88072,0.88901,0.87358,0.87859,USD/CHF,-0.6074935517444202
2024-12-13,0.87895,0.89462,0.87587,0.89267,USD/CHF,1.6025677506003921
2024-12-20,0.89223,0.90221,0.88984,0.893,USD/CHF,0.036967748440086545
2024-12-27,0.89364,0.90482,0.89199,0.90464,USD/CHF,1.30347144456886
2025-01-03,0.90187,0.91377,0.901,0.90853,USD/CHF,0.430005305978054
2025-01-10,0.90777,0.9189,0.90084,0.91663,USD/CHF,0.8915500864033143
2025-01-17,0.91671,0.92013,0.90806,0.91506,USD/CHF,-0.17127957845586295
2025-01-24,0.91402,0.91528,0.90272,0.90593,USD/CHF,-0.9977487815006625
2025-01-31,0.90657,0.91162,0.8965,0.91092,USD/CHF,0.5508151843961473
2025-02-07,0.91519,0.91972,0.90016,0.91012,USD/CHF,-0.08782329952135015
2025-02-14,0.91059,0.91562,0.89722,0.89969,USD/CHF,-1.146002724915396
2025-02-21,0.8993,0.90551,0.89676,0.89897,USD/CHF,-0.08002756505017805
2025-02-28,0.89761,0.90365,0.89122,0.9031,USD/CHF,0.4594146634481655
2025-03-07,0.90301,0.90355,0.87673,0.87997,USD/CHF,-2.5611781641014297
2025-03-14,0.87983,0.88644,0.87578,0.88556,USD/CHF,0.635248928940757
2025-03-21,0.88519,0.88549,0.87556,0.88311,USD/CHF,-0.2766610958037874
2025-03-28,0.88296,0.88509,0.87993,0.88074,USD/CHF,-0.2683697387641404
2025-04-04,0.8592,0.86241,0.84782,0.86057,USD/CHF,-2.2901196720939265
2024-04-05,151.306,151.9545,150.814,151.63,USD/JPY,
2024-04-12,151.60001,153.38699,151.57201,153.29349,USD/JPY,1.0970718195607798
2024-04-19,153.14951,154.7885,152.97699,154.64749,USD/JPY,0.8832729948284213
2024-04-26,154.6075,158.4465,154.466,158.28601,USD/JPY,2.352783093990074
2024-05-03,157.89099,160.23,151.86,152.8775,USD/JPY,-3.416922316760662
2024-05-10,152.961,155.95401,152.812,155.797,USD/JPY,1.9096989419633337
2024-05-17,155.72601,156.76651,153.6035,155.70801,USD/JPY,-0.05711919998458992
2024-05-24,155.63651,157.1965,155.49699,156.9675,USD/JPY,0.8088793890564716
2024-05-31,157.00351,157.71051,156.3755,157.265,USD/JPY,0.18952967971075374
2024-06-07,157.2115,157.4765,154.5515,156.7625,USD/JPY,-0.3195243696944683
2024-06-14,156.7755,158.259,155.72,157.3965,USD/JPY,0.40443345825693644
2024-06-21,157.3735,159.827,157.15851,159.827,USD/JPY,1.5441893561800812
2024-06-28,159.78,161.284,158.74701,160.89151,USD/JPY,0.6660389045655801
2024-07-05,160.811,161.9525,160.34149,160.8125,USD/JPY,-0.04910762538061775
2024-07-12,160.7645,161.8085,157.36749,157.88501,USD/JPY,-1.8204368441507968
2024-07-19,158.13651,158.85699,155.37299,157.524,USD/JPY,-0.22865375249999653
2024-07-26,157.43301,157.61501,151.944,153.76599,USD/JPY,-2.3856745638759835
2024-08-02,153.735,155.21851,146.42151,146.5835,USD/JPY,-4.6710524219302325
2024-08-09,146.51251,147.90649,141.694,146.6575,USD/JPY,0.050483171707593755
2024-08-16,146.6105,149.39899,146.07501,147.61151,USD/JPY,0.6505020200126221
2024-08-23,147.5965,148.056,144.04849,144.3815,USD/JPY,-2.1881830217711506
2024-08-30,144.209,146.2495,143.44901,146.209,USD/JPY,1.2657438799292153
2024-09-06,146.10199,147.21249,141.77299,142.325,USD/JPY,-2.656471215862233
2024-09-13,142.354,143.7995,140.2845,140.886,USD/JPY,-1.0110662216757382
2024-09-20,140.75549,144.49799,139.5815,143.91101,USD/JPY,2.147133143108615
2024-09-27,143.85901,146.49899,142.069,142.27299,USD/JPY,-1.1382172913663835
2024-10-04,142.21201,149.005,141.64749,148.6535,USD/JPY,4.484695232735336
2024-10-11,148.742,149.5955,147.3465,149.14099,USD/JPY,0.3279371155068489
2024-10-18,149.08099,150.32401,148.85101,149.52299,USD/JPY,0.2561334747744448
2024-10-25,149.50949,153.189,149.08801,152.332,USD/JPY,1.8786475578103312
2024-11-01,153.211,153.88449,151.791,153.06599,USD/JPY,0.48183572722737544
2024-11-08,152.349,154.718,151.295,152.608,USD/JPY,-0.2992108175042696
2024-11-15,152.698,156.752,152.645,154.32401,USD/JPY,1.1244561228769046
2024-11-22,154.42999,155.89,153.27901,154.758,USD/JPY,0.2812200123623265
2024-11-29,154.26199,154.72701,149.466,149.77901,USD/JPY,-3.2172747127773738
2024-12-06,149.668,151.231,148.645,150.037,USD/JPY,0.17224709924308357
2024-12-13,149.97,153.80299,149.69701,153.67999,USD/JPY,2.428061078267363
2024-12-20,153.642,157.931,153.161,156.41901,USD/JPY,1.7822879868745423
2024-12-27,156.444,158.08701,156.339,158.022,USD/JPY,1.02480510521068
2025-01-03,157.78101,158.077,156.019,157.28101,USD/JPY,-0.46891572059585274
2025-01-10,157.189,158.883,156.243,157.73801,USD/JPY,0.2905627322713711
2025-01-17,157.767,158.2,154.979,156.29601,USD/JPY,-0.9141740789046393
2025-01-24,156.271,156.756,154.77499,155.959,USD/JPY,-0.21562290681635954
2025-01-31,155.73199,156.25,153.715,155.065,USD/JPY,-0.5732275790432118
2025-02-07,154.90199,155.888,150.931,151.42999,USD/JPY,-2.3441846967400704
2025-02-14,151.30099,154.80499,151.222,152.314,USD/JPY,0.5837747199217258
2025-02-21,152.26199,152.392,148.925,149.28101,USD/JPY,-1.9912746037790252
2025-02-28,149.239,150.99001,148.564,150.631,USD/JPY,0.904328018681011
2025-03-07,150.7,151.308,146.94701,148.033,USD/JPY,-1.7247445744899892
2025-03-14,147.959,149.201,146.54401,148.638,USD/JPY,0.4086926563671822
2025-03-21,148.843,150.151,148.181,149.31599,USD/JPY,0.4561350394919117
2025-03-28,149.37,151.214,149.35699,149.858,USD/JPY,0.3629952826887495
2025-04-04,146.04735,147.38574,144.64049,146.98674,USD/JPY,-1.915987134487318
2024-04-05,1.07916,1.08767,1.07247,1.08375,EUR/USD,
2024-04-12,1.08386,1.08852,1.06227,1.06417,EUR/USD,-1.806689734717415
2024-04-19,1.06355,1.06901,1.06014,1.06573,EUR/USD,0.14659311952038845
2024-04-26,1.0653,1.07529,1.0624,1.06945,EUR/USD,0.34905651525245496
2024-05-03,1.06925,1.08125,1.06496,1.07634,EUR/USD,0.644256393473297
2024-05-10,1.07628,1.0791,1.0724,1.07698,EUR/USD,0.05946076518572596
2024-05-17,1.07718,1.08951,1.0766,1.08703,EUR/USD,0.933164961280597
2024-05-24,1.08684,1.08846,1.08048,1.08463,EUR/USD,-0.22078507492893085
2024-05-31,1.08487,1.08891,1.07885,1.08494,EUR/USD,0.028581175147279758
2024-06-07,1.08501,1.09161,1.07995,1.0802,EUR/USD,-0.43689051929138856
2024-06-14,1.07726,1.08524,1.06678,1.07058,EUR/USD,-0.890575819292716
2024-06-21,1.07038,1.07616,1.06711,1.06928,EUR/USD,-0.12142950550170228
2024-06-28,1.06883,1.07465,1.06661,1.07136,EUR/USD,0.194523417626824
2024-07-05,1.07456,1.08428,1.07101,1.08395,EUR/USD,1.1751418757466991
2024-07-12,1.08062,1.09115,1.08056,1.09051,EUR/USD,0.6051939665113748
2024-07-19,1.0886,1.09482,1.08717,1.08818,EUR/USD,-0.21366149783130783
2024-07-26,1.08836,1.0903,1.08258,1.08554,EUR/USD,-0.24260692164899123
2024-08-02,1.08587,1.09267,1.07776,1.09118,EUR/USD,0.519557086795519
2024-08-09,1.09229,1.10088,1.08817,1.09159,EUR/USD,0.03757400245605336
2024-08-16,1.09169,1.10475,1.09102,1.10269,EUR/USD,1.0168653065711464
2024-08-23,1.1028,1.12011,1.10228,1.11937,EUR/USD,1.5126644841251924
2024-08-30,1.1191,1.12016,1.10439,1.10485,EUR/USD,-1.2971582229289624
2024-09-06,1.10497,1.11557,1.10265,1.10863,EUR/USD,0.34212789066387916
2024-09-13,1.10831,1.1102,1.10021,1.10747,EUR/USD,-0.1046336469336051
2024-09-20,1.10783,1.11892,1.10686,1.11631,EUR/USD,0.7982157530226575
2024-09-27,1.11646,1.12141,1.10834,1.11593,EUR/USD,-0.034040723454942245
2024-10-04,1.11621,1.12091,1.09514,1.0976,EUR/USD,-1.6425761472493972
2024-10-11,1.09674,1.09973,1.09002,1.09355,EUR/USD,-0.3689868804664598
2024-10-18,1.09323,1.09368,1.08112,1.08676,EUR/USD,-0.6209135384756093
2024-10-25,1.08615,1.08719,1.07614,1.0795,EUR/USD,-0.6680407817733491
2024-11-01,1.07949,1.09059,1.07691,1.08337,EUR/USD,0.35849930523390583
2024-11-08,1.08795,1.09374,1.06824,1.07198,EUR/USD,-1.0513490312635598
2024-11-15,1.07138,1.07282,1.04964,1.05417,EUR/USD,-1.661411593499873
2024-11-22,1.05343,1.06101,1.03321,1.04174,EUR/USD,-1.1791267063187116
2024-11-29,1.04767,1.05974,1.04249,1.05774,EUR/USD,1.535891873212103
2024-12-06,1.05705,1.06299,1.04606,1.0568,EUR/USD,-0.08886872010134272
2024-12-13,1.05611,1.05946,1.0453,1.05027,EUR/USD,-0.6179031037093052
2024-12-20,1.04895,1.05345,1.03429,1.04296,EUR/USD,-0.6960115018042945
2024-12-27,1.04317,1.04466,1.03835,1.04262,EUR/USD,-0.03259952443046554
2025-01-03,1.04317,1.04587,1.02241,1.03089,EUR/USD,-1.1250503539161016
2025-01-10,1.03057,1.0437,1.02131,1.02469,EUR/USD,-0.6014220721900498
2025-01-17,1.02415,1.03548,1.01778,1.02716,EUR/USD,0.24104851223296642
2025-01-24,1.02804,1.05217,1.02663,1.05054,EUR/USD,2.2761789789321973
2025-01-31,1.04802,1.05335,1.035,1.0367,EUR/USD,-1.317417708987767
2025-02-07,1.02482,1.04429,1.02109,1.0328,EUR/USD,-0.3761936915211761
2025-02-14,1.02874,1.05144,1.02858,1.04919,EUR/USD,1.5869481022463328
2025-02-21,1.04869,1.05066,1.04008,1.04567,EUR/USD,-0.3354969071378888
2025-02-28,1.04688,1.05289,1.03598,1.03774,EUR/USD,-0.7583654499029313
2025-03-07,1.04048,1.08888,1.03885,1.08326,EUR/USD,4.386455181451976
2025-03-14,1.08474,1.09475,1.08049,1.08788,EUR/USD,0.42649040858151466
2025-03-21,1.08788,1.09549,1.07971,1.08161,EUR/USD,-0.5763503327572916
2025-03-28,1.0815,1.08584,1.07331,1.08284,EUR/USD,0.11371936280175632
2025-04-04,1.10519,1.11069,1.09293,1.09618,EUR/USD,1.2319456244689775
2024-04-05,1.65679,1.65725,1.64143,1.64728,EUR/AUD,
2024-04-12,1.64796,1.65189,1.63705,1.64676,EUR/AUD,-0.0315671895488312
2024-04-19,1.64513,1.66824,1.64146,1.66042,EUR/AUD,0.8295076392431211
2024-04-26,1.66062,1.66226,1.63494,1.63688,EUR/AUD,-1.4177135905373395
2024-05-03,1.63777,1.64969,1.62357,1.62823,EUR/AUD,-0.5284443575582665
2024-05-10,1.62766,1.63835,1.62189,1.63086,EUR/AUD,0.1615250916639388
2024-05-17,1.63127,1.63699,1.62233,1.62369,EUR/AUD,-0.4396453404951872
2024-05-24,1.62401,1.64057,1.62139,1.63644,EUR/AUD,0.7852484156458228
2024-05-31,1.63673,1.63787,1.62754,1.63063,EUR/AUD,-0.3550389870694892
2024-06-07,1.63069,1.64209,1.62539,1.6413,EUR/AUD,0.6543483193612198
2024-06-14,1.63571,1.63878,1.61501,1.61832,EUR/AUD,-1.4001096691646842
2024-06-21,1.61908,1.62631,1.60275,1.60998,EUR/AUD,-0.5153492510751922
2024-06-28,1.61015,1.61613,1.5998,1.60639,EUR/AUD,-0.22298413644890047
2024-07-05,1.60821,1.61777,1.60434,1.60621,EUR/AUD,-0.01120524903666098
2024-07-12,1.60432,1.60907,1.60236,1.60748,EUR/AUD,0.0790681168713947
2024-07-19,1.60779,1.62873,1.60614,1.62803,EUR/AUD,1.2783984870729403
2024-07-26,1.62789,1.66442,1.6265,1.65775,EUR/AUD,1.8255191857643904
2024-08-02,1.65764,1.67694,1.64771,1.67594,EUR/AUD,1.09727039662193
2024-08-09,1.67549,1.71847,1.65364,1.66095,EUR/AUD,-0.8944234280463537
2024-08-16,1.66187,1.67487,1.65199,1.65323,EUR/AUD,-0.4647942442578046
2024-08-23,1.65419,1.65826,1.64512,1.64671,EUR/AUD,-0.39437948742764295
2024-08-30,1.64716,1.65154,1.6258,1.63315,EUR/AUD,-0.8234601113735751
2024-09-06,1.63313,1.66296,1.62906,1.66253,EUR/AUD,1.7989774362428435
2024-09-13,1.6622,1.66313,1.64532,1.6518,EUR/AUD,-0.6454018874847423
2024-09-20,1.65235,1.65362,1.63174,1.63988,EUR/AUD,-0.7216370020583618
2024-09-27,1.64061,1.64076,1.61176,1.61704,EUR/AUD,-1.392784837914962
2024-10-04,1.61796,1.61976,1.60048,1.6153,EUR/AUD,-0.10760401721664481
2024-10-11,1.61457,1.63537,1.61107,1.61985,EUR/AUD,0.28168142140778674
2024-10-18,1.62175,1.63282,1.61344,1.62075,EUR/AUD,0.05556070006480507
2024-10-25,1.62004,1.63624,1.61397,1.63475,EUR/AUD,0.8637976245565282
2024-11-01,1.6314,1.66002,1.63087,1.65168,EUR/AUD,1.0356323596880435
2024-11-08,1.64558,1.65447,1.61627,1.62845,EUR/AUD,-1.4064467693500005
2024-11-15,1.62798,1.63544,1.61833,1.63085,EUR/AUD,0.1473794098682868
2024-11-22,1.63045,1.63625,1.59662,1.60229,EUR/AUD,-1.7512340190698028
2024-11-29,1.60439,1.63079,1.60041,1.62428,EUR/AUD,1.372410737132479
2024-12-06,1.62305,1.65619,1.61587,1.65384,EUR/AUD,1.8198832713571589
2024-12-13,1.65169,1.6578,1.63511,1.65116,EUR/AUD,-0.16204711459391063
2024-12-20,1.65113,1.67166,1.64751,1.66853,EUR/AUD,1.0519876935003225
2024-12-27,1.66681,1.68032,1.66201,1.67714,EUR/AUD,0.516023086189632
2025-01-03,1.67856,1.67881,1.64901,1.65816,EUR/AUD,-1.1316884696566776
2025-01-10,1.65897,1.66892,1.65225,1.66684,EUR/AUD,0.5234718000675542
2025-01-17,1.66583,1.66768,1.64844,1.6585,EUR/AUD,-0.5003479638117647
2025-01-24,1.65831,1.66831,1.6519,1.66208,EUR/AUD,0.2158577027434383
2025-01-31,1.66221,1.67814,1.6621,1.66649,EUR/AUD,0.26533018867924696
2025-02-07,1.66377,1.67919,1.64555,1.64653,EUR/AUD,-1.1977269590576545
2025-02-14,1.64764,1.66351,1.63925,1.65192,EUR/AUD,0.3273551043710077
2025-02-21,1.65177,1.65252,1.63573,1.64538,EUR/AUD,-0.39590294929536807
2025-02-28,1.64529,1.67739,1.64292,1.67061,EUR/AUD,1.5333843853699403
2025-03-07,1.67352,1.72752,1.67176,1.71821,EUR/AUD,2.849258654024589
2025-03-14,1.71911,1.74194,1.71038,1.72018,EUR/AUD,0.11465420408447446
2025-03-21,1.72034,1.7273,1.70852,1.72466,EUR/AUD,0.2604378611540614
2025-03-28,1.72381,1.72531,1.70495,1.72239,EUR/AUD,-0.13162014541996392
2025-04-04,1.74661,1.82771,1.74468,1.81407,EUR/AUD,5.3228362914322425
2024-04-05,0.97355,0.98486,0.97129,0.97781,EUR/CHF,
2024-04-12,0.97653,0.98358,0.96778,0.97309,EUR/CHF,-0.4827113651936443
2024-04-19,0.9702,0.97404,0.95649,0.97001,EUR/CHF,-0.3165174855357611
2024-04-26,0.97008,0.97995,0.96902,0.97795,EUR/CHF,0.8185482623890517
2024-05-03,0.97731,0.98371,0.97297,0.97403,EUR/CHF,-0.4008384886752925
2024-05-10,0.97385,0.978,0.97372,0.97625,EUR/CHF,0.2279190579345558
2024-05-17,0.97638,0.98832,0.97545,0.98826,EUR/CHF,1.2302176696542988
2024-05-24,0.98781,0.99292,0.98669,0.99213,EUR/CHF,0.3915973529233119
2024-05-31,0.99223,0.993,0.97704,0.97901,EUR/CHF,-1.322407345811527
2024-06-07,0.98004,0.98021,0.96696,0.96854,EUR/CHF,-1.0694477073778685
2024-06-14,0.96649,0.96849,0.95094,0.9531,EUR/CHF,-1.5941520226320005
2024-06-21,0.95353,0.95731,0.94782,0.95622,EUR/CHF,0.3273528485993049
2024-06-28,0.9556,0.96396,0.95493,0.96282,EUR/CHF,0.6902177323210301
2024-07-05,0.96465,0.97556,0.9638,0.971,EUR/CHF,0.8495876695540083
2024-07-12,0.96844,0.97594,0.96783,0.97547,EUR/CHF,0.460350154479916
2024-07-19,0.97403,0.97737,0.96428,0.96731,EUR/CHF,-0.836519831465854
2024-07-26,0.96776,0.96918,0.95211,0.95948,EUR/CHF,-0.8094612895555686
2024-08-02,0.9594,0.96062,0.9354,0.93618,EUR/CHF,-2.4283987159711473
2024-08-09,0.93771,0.94758,0.92106,0.94449,EUR/CHF,0.8876498109337883
2024-08-16,0.94411,0.95814,0.94338,0.95518,EUR/CHF,1.131827758896331
2024-08-23,0.9552,0.95787,0.94573,0.94887,EUR/CHF,-0.6606084717016736
2024-08-30,0.94856,0.94935,0.9353,0.93912,EUR/CHF,-1.027538018906704
2024-09-06,0.939,0.94456,0.93378,0.93486,EUR/CHF,-0.453616151290559
2024-09-13,0.93485,0.94335,0.93072,0.94028,EUR/CHF,0.5797659542605249
2024-09-20,0.93898,0.95038,0.93816,0.94923,EUR/CHF,0.9518441315352844
2024-09-27,0.94878,0.95085,0.93777,0.93782,EUR/CHF,-1.2020269060185607
2024-10-04,0.93876,0.94507,0.93336,0.94186,EUR/CHF,0.4307862916124616
2024-10-11,0.94184,0.94295,0.93451,0.93749,EUR/CHF,-0.4639755377656929
2024-10-18,0.93721,0.94276,0.93538,0.93983,EUR/CHF,0.24960266242839424
2024-10-25,0.93984,0.94029,0.93325,0.93562,EUR/CHF,-0.4479533532660174
2024-11-01,0.93717,0.94468,0.93491,0.94342,EUR/CHF,0.8336717898292045
2024-11-08,0.94383,0.94428,0.9355,0.93863,EUR/CHF,-0.507727205274433
2024-11-15,0.93875,0.94011,0.93391,0.9352,EUR/CHF,-0.3654262062793623
2024-11-22,0.93507,0.93708,0.92054,0.9315,EUR/CHF,-0.39563729683490534
2024-11-29,0.93388,0.9345,0.92699,0.93203,EUR/CHF,0.05689747718733429
2024-12-06,0.93109,0.93274,0.92586,0.92856,EUR/CHF,-0.3723056124802837
2024-12-13,0.92813,0.93873,0.92555,0.93763,EUR/CHF,0.9767812526923381
2024-12-20,0.93774,0.94186,0.92857,0.93072,EUR/CHF,-0.7369644742595716
2024-12-27,0.93088,0.94103,0.93041,0.94059,EUR/CHF,1.0604693140794375
2025-01-03,0.94016,0.94418,0.933,0.93656,EUR/CHF,-0.4284544806982926
2025-01-10,0.93699,0.94408,0.93621,0.93888,EUR/CHF,0.2477150422824037
2025-01-17,0.93907,0.94168,0.93371,0.94001,EUR/CHF,0.12035616905248236
2025-01-24,0.94018,0.95183,0.93928,0.95102,EUR/CHF,1.171264135487915
2025-01-31,0.95041,0.95049,0.94224,0.94434,EUR/CHF,-0.7024037349372292
2025-02-07,0.938,0.94301,0.93608,0.93986,EUR/CHF,-0.4744054048330004
2025-02-14,0.93691,0.95139,0.93674,0.94393,EUR/CHF,0.4330432192028555
2025-02-21,0.9431,0.94555,0.938,0.93929,EUR/CHF,-0.4915618742915351
2025-02-28,0.93993,0.94287,0.93323,0.93714,EUR/CHF,-0.22889629400930644
2025-03-07,0.93924,0.96367,0.93458,0.95353,EUR/CHF,1.7489382589580993
2025-03-14,0.95436,0.9663,0.94906,0.96311,EUR/CHF,1.00468784411607
2025-03-21,0.96317,0.96378,0.95302,0.95499,EUR/CHF,-0.8431020340355699
2025-03-28,0.95499,0.9578,0.94898,0.95398,EUR/CHF,-0.1057602697410398
2025-04-04,0.94956,0.94959,0.93651,0.94323,EUR/CHF,-1.1268580054089261
2024-04-05,1.46102,1.47427,1.45463,1.47267,EUR/CAD,
2024-04-12,1.47296,1.47643,1.46182,1.46544,EUR/CAD,-0.4909450182321806
2024-04-19,1.46573,1.47296,1.46122,1.46525,EUR/CAD,-0.012965389234642632
2024-04-26,1.46496,1.46916,1.45803,1.46172,EUR/CAD,-0.24091451970653655
2024-05-03,1.46225,1.47461,1.46063,1.47301,EUR/CAD,0.7723777467640858
2024-05-10,1.47253,1.47872,1.46946,1.47241,EUR/CAD,-0.04073292102565462
2024-05-17,1.47249,1.48217,1.47196,1.47952,EUR/CAD,0.4828818060186979
2024-05-24,1.4798,1.4883,1.47756,1.4823,EUR/CAD,0.1878987779820429
2024-05-31,1.48246,1.48465,1.47746,1.47828,EUR/CAD,-0.2712001619105342
2024-06-07,1.47873,1.49292,1.47699,1.48688,EUR/CAD,0.581757177260056
2024-06-14,1.48222,1.48629,1.46862,1.47033,EUR/CAD,-1.1130689766490898
2024-06-21,1.47055,1.47548,1.46136,1.46415,EUR/CAD,-0.42031380710452204
2024-06-28,1.46403,1.46957,1.45882,1.4653,EUR/CAD,0.07854386504115851
2024-07-05,1.46936,1.47861,1.46723,1.47859,EUR/CAD,0.9069815054937536
2024-07-12,1.47463,1.48734,1.47277,1.48686,EUR/CAD,0.5593166462643406
2024-07-19,1.48497,1.4975,1.48421,1.49435,EUR/CAD,0.5037461496038675
2024-07-26,1.4931,1.50349,1.4931,1.5016,EUR/CAD,0.4851607722421214
2024-08-02,1.50215,1.51398,1.48955,1.51389,EUR/CAD,0.8184603090037212
2024-08-09,1.51445,1.52279,1.49699,1.49866,EUR/CAD,-1.0060176102622997
2024-08-16,1.49875,1.51381,1.49791,1.50859,EUR/CAD,0.6625919154444659
2024-08-23,1.50906,1.51787,1.50714,1.51205,EUR/CAD,0.22935323712869327
2024-08-30,1.51165,1.51274,1.48892,1.49076,EUR/CAD,-1.4080222214873706
2024-09-06,1.49047,1.50569,1.48969,1.50452,EUR/CAD,0.9230191311814018
2024-09-13,1.50355,1.50739,1.49366,1.50491,EUR/CAD,0.025921888708690943
2024-09-20,1.50575,1.51629,1.50499,1.51454,EUR/CAD,0.6399053764012397
2024-09-27,1.51417,1.51458,1.49908,1.50864,EUR/CAD,-0.38955722529613324
2024-10-04,1.50836,1.51514,1.48743,1.49016,EUR/CAD,-1.2249443207126953
2024-10-11,1.48877,1.50821,1.48847,1.50519,EUR/CAD,1.0086165244000744
2024-10-18,1.50417,1.50961,1.49018,1.50016,EUR/CAD,-0.3341770806343458
2024-10-25,1.49914,1.50242,1.48869,1.49981,EUR/CAD,-0.02333084470989011
2024-11-01,1.49945,1.51704,1.49725,1.51202,EUR/CAD,0.8141031197284931
2024-11-08,1.5164,1.51708,1.48618,1.49076,EUR/CAD,-1.406066057327271
2024-11-15,1.49108,1.49277,1.4712,1.48541,EUR/CAD,-0.3588773511497667
2024-11-22,1.48451,1.4891,1.44867,1.45627,EUR/CAD,-1.9617479349135936
2024-11-29,1.46184,1.48603,1.45932,1.48124,EUR/CAD,1.7146545626841148
2024-12-06,1.47969,1.4964,1.47228,1.49626,EUR/CAD,1.0140152844913652
2024-12-13,1.49521,1.49752,1.48211,1.49473,EUR/CAD,-0.10225495568951803
2024-12-20,1.49235,1.50604,1.48759,1.49741,EUR/CAD,0.17929659537174736
2024-12-27,1.49867,1.5052,1.49176,1.50245,EUR/CAD,0.3365811634756133
2025-01-03,1.50344,1.50396,1.47602,1.48945,EUR/CAD,-0.8652534194149686
2025-01-10,1.48889,1.49417,1.4744,1.47731,EUR/CAD,-0.8150659639464264
2025-01-17,1.47727,1.4877,1.46842,1.48713,EUR/CAD,0.6647216900989017
2025-01-24,1.48758,1.50785,1.48649,1.5059,EUR/CAD,1.262162689206714
2025-01-31,1.50553,1.51734,1.49713,1.50829,EUR/CAD,0.15870907762798314
2025-02-07,1.50869,1.51241,1.47423,1.47606,EUR/CAD,-2.1368569704764973
2025-02-14,1.47673,1.48989,1.47443,1.48788,EUR/CAD,0.800780456079031
2025-02-21,1.48631,1.48969,1.48004,1.48747,EUR/CAD,-0.02755598569776918
2025-02-28,1.48903,1.50959,1.48693,1.50043,EUR/CAD,0.8712780761964911
2025-03-07,1.50318,1.56543,1.50035,1.55766,EUR/CAD,3.8142399178902053
2025-03-14,1.55872,1.5858,1.55255,1.563,EUR/CAD,0.34282192519548005
2025-03-21,1.56298,1.56725,1.54986,1.55242,EUR/CAD,-0.6769033909149069
2025-03-28,1.55231,1.55558,1.53312,1.55005,EUR/CAD,-0.1526648716197898
2025-04-04,1.5577,1.57351,1.5529,1.55934,EUR/CAD,0.5993355053062865
2024-04-05,0.85426,0.85862,0.85393,0.85756,EUR/GBP,
2024-04-12,0.85785,0.85845,0.85284,0.85472,EUR/GBP,-0.3311721628807218
2024-04-19,0.85426,0.86157,0.8521,0.86137,EUR/GBP,0.7780325720703862
2024-04-26,0.86084,0.86447,0.85577,0.85603,EUR/GBP,-0.6199426495002158
2024-05-03,0.85637,0.85865,0.85308,0.85782,EUR/GBP,0.20910482109273154
2024-05-10,0.85798,0.86206,0.8557,0.8599,EUR/GBP,0.24247511132871047
2024-05-17,0.86009,0.86142,0.85545,0.85588,EUR/GBP,-0.46749622049075956
2024-05-24,0.85603,0.85679,0.84997,0.85164,EUR/GBP,-0.4953965509183589
2024-05-31,0.85151,0.85406,0.84838,0.85142,EUR/GBP,-0.02583251138978948
2024-06-07,0.85168,0.85356,0.84891,0.84905,EUR/GBP,-0.27835850696483755
2024-06-14,0.84613,0.84718,0.83975,0.84382,EUR/GBP,-0.6159825687533038
2024-06-21,0.84409,0.84653,0.84301,0.84589,EUR/GBP,0.24531298144154778
2024-06-28,0.84564,0.8482,0.8431,0.84733,EUR/GBP,0.17023490051897294
2024-07-05,0.8489,0.84991,0.84517,0.84584,EUR/GBP,-0.17584648248025747
2024-07-12,0.84458,0.84602,0.83919,0.83966,EUR/GBP,-0.7306346353920468
2024-07-19,0.83939,0.8433,0.83831,0.84282,EUR/GBP,0.3763428054212481
2024-07-26,0.84276,0.84495,0.83937,0.84365,EUR/GBP,0.09847891602001724
2024-08-02,0.84399,0.8535,0.84109,0.8521,EUR/GBP,1.0016001896520965
2024-08-09,0.85246,0.8625,0.85199,0.85561,EUR/GBP,0.41192348315926
2024-08-16,0.85556,0.85928,0.85107,0.85181,EUR/GBP,-0.4441275814915713
2024-08-23,0.8523,0.85447,0.84522,0.84688,EUR/GBP,-0.5787675655369195
2024-08-30,0.84658,0.84754,0.84003,0.8415,EUR/GBP,-0.6352730020782071
2024-09-06,0.8414,0.84469,0.84061,0.84432,EUR/GBP,0.3351158645276131
2024-09-13,0.84425,0.84636,0.84223,0.84385,EUR/GBP,-0.05566609816183288
2024-09-20,0.8443,0.84543,0.83784,0.83794,EUR/GBP,-0.7003614386443036
2024-09-27,0.83844,0.83868,0.83173,0.83451,EUR/GBP,-0.4093371840465987
2024-10-04,0.8346,0.84343,0.83109,0.83648,EUR/GBP,0.23606667385651647
2024-10-11,0.83606,0.84047,0.83546,0.83695,EUR/GBP,0.056187834736043385
2024-10-18,0.83671,0.83802,0.82951,0.83281,EUR/GBP,-0.49465320508990107
2024-10-25,0.8324,0.83521,0.83035,0.83296,EUR/GBP,0.018011311103371952
2024-11-01,0.83239,0.84478,0.82989,0.83844,EUR/GBP,0.6578947368421018
2024-11-08,0.83876,0.84194,0.8292,0.82962,EUR/GBP,-1.0519536281665909
2024-11-15,0.8301,0.83597,0.82599,0.8353,EUR/GBP,0.684650803982545
2024-11-22,0.83461,0.8376,0.82679,0.83144,EUR/GBP,-0.46210942176464487
2024-11-29,0.83214,0.83651,0.8301,0.83052,EUR/GBP,-0.11065139998074347
2024-12-06,0.83031,0.83132,0.82687,0.82933,EUR/GBP,-0.1432837258585007
2024-12-13,0.82902,0.83232,0.8225,0.83227,EUR/GBP,0.35450303256845395
2024-12-20,0.83121,0.83282,0.82223,0.82999,EUR/GBP,-0.273949559638087
2024-12-27,0.82985,0.83292,0.82749,0.82864,EUR/GBP,-0.16265256207905754
2025-01-03,0.82896,0.83258,0.82628,0.82973,EUR/GBP,0.1315408379995997
2025-01-10,0.82942,0.84072,0.82835,0.83916,EUR/GBP,1.1365142877803658
2025-01-17,0.8393,0.84632,0.83853,0.84398,EUR/GBP,0.5743839077172241
2025-01-24,0.84435,0.84741,0.84038,0.84069,EUR/GBP,-0.3898196639730678
2025-01-31,0.84052,0.84211,0.83542,0.83636,EUR/GBP,-0.515053111134911
2025-02-07,0.8322,0.83785,0.82913,0.83283,EUR/GBP,-0.42206705246544685
2025-02-14,0.83141,0.83566,0.83096,0.83366,EUR/GBP,0.09966019475762256
2025-02-21,0.83303,0.83395,0.82651,0.82785,EUR/GBP,-0.6969268046925547
2025-02-28,0.82841,0.83055,0.8242,0.82491,EUR/GBP,-0.35513680014495064
2025-03-07,0.82677,0.84184,0.82437,0.83835,EUR/GBP,1.629268647488824
2025-03-14,0.8393,0.845,0.8373,0.84136,EUR/GBP,0.3590385877020319
2025-03-21,0.84133,0.8429,0.83505,0.83727,EUR/GBP,-0.48611771417704785
2025-03-28,0.83807,0.83844,0.83153,0.83666,EUR/GBP,-0.07285582906350063
2025-04-04,0.84368,0.85227,0.84327,0.8498,EUR/GBP,1.570530442473661
2024-04-05,1.80416,1.80893,1.79559,1.8027,EUR/NZD,
2024-04-12,1.80342,1.80462,1.78451,1.79245,EUR/NZD,-0.5685915571087774
2024-04-19,1.79153,1.81357,1.78937,1.81003,EUR/NZD,0.9807804959691913
2024-04-26,1.80963,1.81031,1.79584,1.80028,EUR/NZD,-0.5386651049982594
2024-05-03,1.79922,1.81571,1.78512,1.79065,EUR/NZD,-0.5349167907214403
2024-05-10,1.79023,1.79667,1.78556,1.78926,EUR/NZD,-0.07762544327478693
2024-05-17,1.78984,1.79667,1.77135,1.7719,EUR/NZD,-0.9702335043537569
2024-05-24,1.77206,1.78209,1.76558,1.77193,EUR/NZD,0.0016930978046225675
2024-05-31,1.77379,1.7738,1.7624,1.7657,EUR/NZD,-0.35159402459464806
2024-06-07,1.76616,1.77006,1.75258,1.7695,EUR/NZD,0.2152120971852467
2024-06-14,1.76449,1.76691,1.73928,1.74305,EUR/NZD,-1.494772534614297
2024-06-21,1.74394,1.75849,1.74267,1.74777,EUR/NZD,0.27078970769627286
2024-06-28,1.74812,1.76534,1.74744,1.75896,EUR/NZD,0.6402444257539663
2024-07-05,1.76189,1.77472,1.75908,1.76384,EUR/NZD,0.27743666712147785
2024-07-12,1.76077,1.78851,1.76064,1.78235,EUR/NZD,1.0494149129172792
2024-07-19,1.78354,1.81213,1.78169,1.8112,EUR/NZD,1.6186495357253028
2024-07-26,1.81059,1.84511,1.80789,1.84327,EUR/NZD,1.7706492932862306
2024-08-02,1.84328,1.84526,1.80774,1.83155,EUR/NZD,-0.6358265473858982
2024-08-09,1.83169,1.86497,1.8096,1.8198,EUR/NZD,-0.6415331276787395
2024-08-16,1.81951,1.83935,1.80692,1.8216,EUR/NZD,0.09891196834816984
2024-08-23,1.82208,1.82351,1.79447,1.79523,EUR/NZD,-1.4476284584980292
2024-08-30,1.79669,1.80195,1.76522,1.76812,EUR/NZD,-1.51011291032348
2024-09-06,1.76853,1.79871,1.76676,1.79585,EUR/NZD,1.568332466122202
2024-09-13,1.79439,1.80296,1.78977,1.79854,EUR/NZD,0.14978979313418073
2024-09-20,1.79869,1.80177,1.78241,1.78984,EUR/NZD,-0.4837256886140895
2024-09-27,1.78963,1.79114,1.75587,1.75996,EUR/NZD,-1.6694229651812553
2024-10-04,1.76057,1.78373,1.74902,1.78193,EUR/NZD,1.2483238255414975
2024-10-11,1.78114,1.80802,1.77707,1.79004,EUR/NZD,0.455124499840065
2024-10-18,1.79326,1.80178,1.78333,1.78981,EUR/NZD,-0.012848874885484918
2024-10-25,1.7884,1.80757,1.78363,1.80636,EUR/NZD,0.9246791558880529
2024-11-01,1.80525,1.82757,1.80215,1.81703,EUR/NZD,0.5906906707411563
2024-11-08,1.81385,1.82348,1.79063,1.79588,EUR/NZD,-1.1639873860090355
2024-11-15,1.79473,1.80253,1.7837,1.79831,EUR/NZD,0.13530970888924188
2024-11-22,1.79562,1.80747,1.77444,1.78561,EUR/NZD,-0.7062186163675932
2024-11-29,1.79024,1.80423,1.78095,1.78645,EUR/NZD,0.04704274729645519
2024-12-06,1.78769,1.81276,1.77869,1.81234,EUR/NZD,1.4492429119202788
2024-12-13,1.80859,1.82394,1.7968,1.82232,EUR/NZD,0.5506693004623697
2024-12-20,1.82062,1.84815,1.81564,1.84508,EUR/NZD,1.2489573730190218
2024-12-27,1.85113,1.85444,1.82715,1.84991,EUR/NZD,0.26177726711036353
2025-01-03,1.85223,1.8542,1.82794,1.83672,EUR/NZD,-0.7130076598320989
2025-01-10,1.83442,1.8479,1.82982,1.84334,EUR/NZD,0.3604251056230634
2025-01-17,1.84257,1.84619,1.82289,1.84065,EUR/NZD,-0.14593075612746587
2025-01-24,1.83957,1.84287,1.82863,1.83872,EUR/NZD,-0.10485426343954662
2025-01-31,1.83947,1.84938,1.83345,1.83345,EUR/NZD,-0.286612426035493
2025-02-07,1.83468,1.8517,1.82428,1.82428,EUR/NZD,-0.5001499904551565
2025-02-14,1.82313,1.84967,1.82182,1.83173,EUR/NZD,0.40838029249896657
2025-02-21,1.83271,1.83963,1.81709,1.82249,EUR/NZD,-0.504441156720703
2025-02-28,1.82301,1.85949,1.81947,1.85392,EUR/NZD,1.7245636464397585
2025-03-07,1.85717,1.90555,1.85489,1.89768,EUR/NZD,2.3604039009234468
2025-03-14,1.89884,1.91702,1.88683,1.89235,EUR/NZD,-0.2808692719531214
2025-03-21,1.89227,1.89399,1.87126,1.88567,EUR/NZD,-0.35300023779956113
2025-03-28,1.8839,1.89692,1.87268,1.89471,EUR/NZD,0.4794051981523717
2025-04-04,1.9078,1.97232,1.90609,1.95845,EUR/NZD,3.364103213684433
2024-04-05,163.39301,164.91699,162.6105,164.319,EUR/JPY,
2024-04-12,164.29251,165.17551,162.27499,163.121,EUR/JPY,-0.7290696754483572
2024-04-19,162.80301,165.028,162.72,164.81,EUR/JPY,1.035427688648305
2024-04-26,164.746,169.39801,164.4025,169.261,EUR/JPY,2.700685638007405
2024-05-03,168.853,171.6015,164.01999,164.55051,EUR/JPY,-2.7829742232410304
2024-05-10,164.642,167.966,164.451,167.78551,EUR/JPY,1.9659616977182104
2024-05-17,167.71249,169.40201,167.33099,169.26251,EUR/JPY,0.8802905566756003
2024-05-24,169.14801,170.49649,169.0665,170.248,EUR/JPY,0.5822257982585732
2024-05-31,170.3085,170.80051,169.067,170.6225,EUR/JPY,0.21997321554438898
2024-06-07,170.53101,170.89,168.01651,169.32599,EUR/JPY,-0.7598704742926676
2024-06-14,168.858,170.13901,167.52499,168.502,EUR/JPY,-0.4866293709547942
2024-06-21,168.44351,170.89349,167.9595,170.8925,EUR/JPY,1.4186775231154636
2024-06-28,170.88651,172.4465,170.2995,172.37451,EUR/JPY,0.8672176953347766
2024-07-05,172.797,174.51849,172.6035,174.31351,EUR/JPY,1.124876294064614
2024-07-12,173.7435,175.42599,171.465,172.17801,EUR/JPY,-1.22509150323461
2024-07-19,172.14301,172.92349,169.995,171.40549,EUR/JPY,-0.44867518215596647
2024-07-26,171.34299,171.662,164.828,166.91501,EUR/JPY,-2.6197994008243186
2024-08-02,166.91901,167.953,159.7065,159.94949,EUR/JPY,-4.173093839793074
2024-08-09,159.989,161.446,154.41101,160.10449,EUR/JPY,0.09690559188404446
2024-08-16,160.05399,163.8925,160.05399,162.7655,EUR/JPY,1.6620458301950247
2024-08-23,162.76849,163.21149,160.42099,161.5995,EUR/JPY,-0.7163680263937988
2024-08-30,161.379,162.17599,160.026,161.534,EUR/JPY,-0.040532303627183186
2024-09-06,161.4335,162.89301,157.4675,157.78349,EUR/JPY,-2.321808411851367
2024-09-13,157.814,158.73199,155.4635,156.035,EUR/JPY,-1.1081577673304088
2024-09-20,155.90451,161.1615,155.14801,160.6535,EUR/JPY,2.9599128400679353
2024-09-27,160.6115,163.496,158.571,158.76349,EUR/JPY,-1.176451182202698
2024-10-04,158.66351,163.373,158.104,163.159,EUR/JPY,2.768589932105936
2024-10-11,163.104,163.61,161.90851,163.095,EUR/JPY,-0.039225540730203345
2024-10-18,162.9845,163.60201,161.8475,162.491,EUR/JPY,-0.37033630706029275
2024-10-25,162.368,165.01801,161.99799,164.442,EUR/JPY,1.2006818839197297
2024-11-01,165.3535,166.69299,164.7115,165.75301,EUR/JPY,0.7972476617895463
2024-11-08,165.761,166.108,163.20599,163.58501,EUR/JPY,-1.3079702142362204
2024-11-15,163.621,165.03799,162.319,162.661,EUR/JPY,-0.5648500434116799
2024-11-22,162.69501,164.765,159.90601,161.36301,EUR/JPY,-0.7979724703524482
2024-11-29,161.595,162.125,158.032,158.436,EUR/JPY,-1.813928731250114
2024-12-06,158.244,159.58501,156.17599,158.577,EUR/JPY,0.08899492539573561
2024-12-13,158.351,161.558,157.86099,161.394,EUR/JPY,1.7764240715866686
2024-12-20,161.13,163.812,159.80901,163.15601,EUR/JPY,1.0917444266825393
2024-12-27,163.09599,164.834,162.84801,164.64,EUR/JPY,0.9095527648659507
2025-01-03,164.618,164.909,160.895,162.13901,EUR/JPY,-1.519065840621947
2025-01-10,162.03,164.55499,161.22099,161.59599,EUR/JPY,-0.3349101490135009
2025-01-17,161.59801,162.897,159.726,160.55299,EUR/JPY,-0.6454368081782236
2025-01-24,160.645,164.089,160.314,163.70799,EUR/JPY,1.965083303649462
2025-01-31,163.22,163.46001,159.90601,160.761,EUR/JPY,-1.8001503775105898
2025-02-07,158.787,160.707,155.866,156.368,EUR/JPY,-2.7326279383681373
2025-02-14,155.651,161.19701,155.621,159.804,EUR/JPY,2.1973805382175415
2025-02-21,159.698,159.838,155.811,156.145,EUR/JPY,-2.2896798578258326
2025-02-28,156.214,157.31799,154.78799,156.284,EUR/JPY,0.08901982131992447
2025-03-07,156.808,161.28101,155.589,160.425,EUR/JPY,2.6496634332369373
2025-03-14,160.491,162.36501,158.892,161.77,EUR/JPY,0.8383980052984352
2025-03-21,161.709,164.192,160.737,161.50101,EUR/JPY,-0.16627928540520198
2025-03-28,161.541,163.371,161.366,162.245,EUR/JPY,0.46067204161757136
2025-04-04,161.39566,161.98718,159.14181,161.09544,EUR/JPY,-0.7085333908595115
2024-04-05,1.93864,1.93865,1.91338,1.92095,GBP/AUD,
2024-04-12,1.9215,1.92914,1.91145,1.92668,GBP/AUD,0.2982899086389601
2024-04-19,1.92452,1.94823,1.92024,1.92754,GBP/AUD,0.044636369298478584
2024-04-26,1.92856,1.92863,1.90855,1.91222,GBP/AUD,-0.7947954387457545
2024-05-03,1.91187,1.93108,1.89512,1.89818,GBP/AUD,-0.734225141458622
2024-05-10,1.89804,1.90376,1.89116,1.89652,GBP/AUD,-0.08745219104615565
2024-05-17,1.89633,1.90377,1.89095,1.89718,GBP/AUD,0.034800582118843515
2024-05-24,1.89722,1.92498,1.89411,1.92149,GBP/AUD,1.281375515238392
2024-05-31,1.92226,1.92454,1.90979,1.91518,GBP/AUD,-0.32839098824348767
2024-06-07,1.91508,1.93357,1.9094,1.93299,GBP/AUD,0.9299387002788206
2024-06-14,1.93441,1.93494,1.91569,1.91785,GBP/AUD,-0.7832425413478616
2024-06-21,1.91802,1.92383,1.89573,1.90333,GBP/AUD,-0.7570977917981114
2024-06-28,1.90427,1.91093,1.8912,1.89558,GBP/AUD,-0.4071810983907076
2024-07-05,1.89341,1.9057,1.89249,1.89876,GBP/AUD,0.167758680720409
2024-07-12,1.89899,1.91539,1.89587,1.91443,GBP/AUD,0.8252754429206366
2024-07-19,1.91484,1.93607,1.91282,1.93156,GBP/AUD,0.894783303646518
2024-07-26,1.93126,1.97617,1.93023,1.96497,GBP/AUD,1.7296899915094643
2024-08-02,1.9643,1.98111,1.95049,1.96679,GBP/AUD,0.09262227922055555
2024-08-09,1.96486,2.00404,1.93158,1.94127,GBP/AUD,-1.2975457471311125
2024-08-16,1.94113,1.9518,1.93237,1.94073,GBP/AUD,-0.02781684155217512
2024-08-23,1.94079,1.95361,1.92784,1.94459,GBP/AUD,0.1988942305215069
2024-08-30,1.94492,1.95389,1.93216,1.94082,GBP/AUD,-0.1938712016414823
2024-09-06,1.93954,1.96955,1.93455,1.9691,GBP/AUD,1.457116064343933
2024-09-13,1.96845,1.97016,1.94923,1.95742,GBP/AUD,-0.5931643898227645
2024-09-20,1.95731,1.96059,1.93987,1.95705,GBP/AUD,-0.018902432794187796
2024-09-27,1.95641,1.95734,1.93309,1.93771,GBP/AUD,-0.9882220689302779
2024-10-04,1.939,1.93916,1.9125,1.93094,GBP/AUD,-0.34938148639372946
2024-10-11,1.93145,1.94869,1.92429,1.93541,GBP/AUD,0.23149346950190886
2024-10-18,1.93815,1.95863,1.93551,1.94609,GBP/AUD,0.5518210611705099
2024-10-25,1.94605,1.96421,1.93597,1.96267,GBP/AUD,0.8519647087236404
2024-11-01,1.95952,1.98853,1.95763,1.97018,GBP/AUD,0.3826420131759267
2024-11-08,1.96151,1.9782,1.94285,1.9634,GBP/AUD,-0.34413099310722783
2024-11-15,1.96176,1.96435,1.94855,1.9529,GBP/AUD,-0.5347865946826902
2024-11-22,1.95464,1.95755,1.92309,1.92738,GBP/AUD,-1.306774540427058
2024-11-29,1.9281,1.95662,1.92286,1.95457,GBP/AUD,1.4107233653975815
2024-12-06,1.95441,1.99767,1.95066,1.99352,GBP/AUD,1.9927656722450449
2024-12-13,1.99256,2.01077,1.97623,1.98344,GBP/AUD,-0.5056382679882732
2024-12-20,1.98555,2.03028,1.97975,2.01239,GBP/AUD,1.4595853668374126
2024-12-27,2.00701,2.02666,2.00382,2.02315,GBP/AUD,0.5346876102544584
2025-01-03,2.02481,2.02551,1.99152,1.99826,GBP/AUD,-1.2302597434693308
2025-01-10,2.00183,2.00876,1.97892,1.98728,GBP/AUD,-0.5494780458999315
2025-01-17,1.9846,1.9872,1.96001,1.96548,GBP/AUD,-1.0969767722716517
2025-01-24,1.96462,1.97802,1.95935,1.97734,GBP/AUD,0.6034149418971513
2025-01-31,1.97812,2.00229,1.97733,1.99206,GBP/AUD,0.7444344422304683
2025-02-07,1.99889,2.01513,1.9732,1.97792,GBP/AUD,-0.709817977370164
2025-02-14,1.98196,1.9946,1.96389,1.98156,GBP/AUD,0.18403171007927988
2025-02-21,1.98259,1.98995,1.97456,1.98779,GBP/AUD,0.3143987565352502
2025-02-28,1.98612,2.03113,1.98332,2.02463,GBP/AUD,1.8533144849305128
2025-03-07,2.02419,2.05433,2.0232,2.04862,GBP/AUD,1.1849078597077067
2025-03-14,2.0484,2.06297,2.03864,2.04399,GBP/AUD,-0.22600579902569695
2025-03-21,2.04406,2.06515,2.03255,2.05919,GBP/AUD,0.743643559899998
2025-03-28,2.05626,2.06109,2.03904,2.05868,GBP/AUD,-0.02476702004187148
2025-04-04,2.06994,2.14879,2.06793,2.1348,GBP/AUD,3.6975149124681916
2024-04-05,191.07001,192.25,190.04849,191.6245,GBP/JPY,
2024-04-12,191.528,192.95151,189.99451,190.85449,GBP/JPY,-0.4018327510313169
2024-04-19,190.49249,192.84351,190.306,191.32001,GBP/JPY,0.2439135699663142
2024-04-26,191.2845,197.9295,190.323,197.752,GBP/JPY,3.3619013505173934
2024-05-03,197.3335,200.5715,191.366,191.8235,GBP/JPY,-2.997946923419237
2024-05-10,191.884,195.34399,191.69901,195.114,GBP/JPY,1.7153789811988673
2024-05-17,194.983,197.86,194.7485,197.76199,GBP/JPY,1.3571501788697926
2024-05-24,197.601,200.0675,197.392,199.882,GBP/JPY,1.072000741901924
2024-05-31,199.992,200.74451,198.754,200.397,GBP/JPY,0.2576520146886585
2024-06-07,200.30251,200.653,197.20801,199.433,GBP/JPY,-0.4810451254260273
2024-06-14,199.58499,201.618,198.923,199.68851,GBP/JPY,0.12811821513993848
2024-06-21,199.64499,202.043,199.065,202.02899,GBP/JPY,1.1720654333090996
2024-06-28,202.02649,203.59399,201.03699,203.436,GBP/JPY,0.6964396545268148
2024-07-05,203.505,206.45,203.2265,206.0685,GBP/JPY,1.2940187577419993
2024-07-12,205.709,208.146,203.83099,205.0535,GBP/JPY,-0.49255466022219974
2024-07-19,205.21451,205.791,202.10651,203.38251,GBP/JPY,-0.8149044029972741
2024-07-26,203.33099,203.6145,195.8665,197.85349,GBP/JPY,-2.718532680120822
2024-08-02,197.86301,199.4785,187.3905,187.71001,GBP/JPY,-5.1267632428419585
2024-08-09,187.59,188.4295,180.10651,187.11,GBP/JPY,-0.31964731129682233
2024-08-16,187.4035,192.021,187.1555,191.0795,GBP/JPY,2.121479343701549
2024-08-23,191.12851,192.04251,188.24451,190.81149,GBP/JPY,-0.14026099084413213
2024-08-30,190.57849,192.02051,189.50949,191.97,GBP/JPY,0.6071489720037349
2024-09-06,191.905,193.48651,186.51801,186.8775,GBP/JPY,-2.6527582434755392
2024-09-13,186.91101,188.13,183.7225,184.896,GBP/JPY,-1.0603202632740727
2024-09-20,184.6915,191.996,183.767,191.71399,GBP/JPY,3.6874729577708543
2024-09-27,191.5675,195.9715,190.01251,190.25101,GBP/JPY,-0.7631054989779229
2024-10-04,190.3775,195.53101,189.565,195.049,GBP/JPY,2.52192616480722
2024-10-11,195.0555,195.6265,192.89099,194.86349,GBP/JPY,-0.095109434039653
2024-10-18,194.8045,196.0555,193.709,195.108,GBP/JPY,0.12547758433352207
2024-10-25,195.0705,198.4395,194.571,197.42,GBP/JPY,1.1849847264079338
2024-11-01,198.57249,199.81,195.375,197.769,GBP/JPY,0.176780468037685
2024-11-08,197.59399,199.57001,196.48801,197.186,GBP/JPY,-0.2947883642026805
2024-11-15,197.086,198.47099,194.297,194.767,GBP/JPY,-1.226760520523773
2024-11-22,195.047,197.791,192.85001,193.939,GBP/JPY,-0.42512335251865263
2024-11-29,194.231,194.633,190.147,190.617,GBP/JPY,-1.712909729347889
2024-12-06,190.56799,192.382,188.08,191.211,GBP/JPY,0.31161963518471225
2024-12-13,191.05099,195.007,190.601,193.88901,GBP/JPY,1.4005522694824135
2024-12-20,193.81599,198.964,193.612,196.743,GBP/JPY,1.471971000316108
2024-12-27,196.506,198.728,196.407,198.552,GBP/JPY,0.9194736280325078
2025-01-03,198.496,198.966,194.19099,195.37399,GBP/JPY,-1.6005932954591295
2025-01-10,195.435,198.267,192.21201,192.558,GBP/JPY,-1.4413331068275803
2025-01-17,192.545,193.048,189.327,190.177,GBP/JPY,-1.236510557857895
2025-01-24,190.284,194.769,189.884,194.713,GBP/JPY,2.3851464688158908
2025-01-31,194.226,194.659,191.19,192.19701,GBP/JPY,-1.292153066307844
2025-02-07,190.70399,193.17999,187.04601,187.908,GBP/JPY,-2.2315695754060005
2025-02-14,187.226,193.062,187.136,191.873,GBP/JPY,2.1100751431551545
2025-02-21,191.69901,192.174,188.14799,188.58501,GBP/JPY,-1.7136282853762563
2025-02-28,188.58501,190.317,187.683,189.40401,GBP/JPY,0.4342869032909924
2025-03-07,189.608,192.55499,188.252,191.317,GBP/JPY,1.0100050152053397
2025-03-14,191.22701,193.114,188.79401,192.186,GBP/JPY,0.4542199595435781
2025-03-21,192.44901,194.916,191.966,192.91499,GBP/JPY,0.37931483042468184
2025-03-28,192.698,195.981,192.584,193.83701,GBP/JPY,0.47794108690051296
2025-04-04,191.33333,191.72464,187.64069,189.58464,GBP/JPY,-2.1937864188061873
2024-04-05,2.11092,2.11414,2.09462,2.10217,GBP/NZD,
2024-04-12,2.10188,2.10434,2.08579,2.09715,GBP/NZD,-0.23880085816085916
2024-04-19,2.09599,2.12053,2.09339,2.10106,GBP/NZD,0.1864435066637915
2024-04-26,2.10124,2.1058,2.08383,2.10319,GBP/NZD,0.10137739997906348
2024-05-03,2.10036,2.12611,2.0834,2.08748,GBP/NZD,-0.7469605694207515
2024-05-10,2.08857,2.09255,2.07423,2.0807,GBP/NZD,-0.3247935309559691
2024-05-17,2.08075,2.08959,2.06753,2.07025,GBP/NZD,-0.5022348248185704
2024-05-24,2.07014,2.08974,2.06776,2.08064,GBP/NZD,0.5018717546189988
2024-05-31,2.08225,2.08414,2.07001,2.07378,GBP/NZD,-0.3297062442325305
2024-06-07,2.07386,2.08474,2.06078,2.0841,GBP/NZD,0.49764198709600915
2024-06-14,2.08464,2.08604,2.06354,2.0656,GBP/NZD,-0.8876733362122691
2024-06-21,2.06633,2.08001,2.06123,2.0662,GBP/NZD,0.029047250193636742
2024-06-28,2.06626,2.08599,2.06539,2.0757,GBP/NZD,0.4597812409253832
2024-07-05,2.07442,2.09407,2.07244,2.08531,GBP/NZD,0.4629763453293023
2024-07-12,2.08612,2.12421,2.08305,2.12268,GBP/NZD,1.7920596937625488
2024-07-19,2.12401,2.14981,2.12318,2.14885,GBP/NZD,1.232875421636792
2024-07-26,2.14794,2.18652,2.14565,2.18484,GBP/NZD,1.674849338018003
2024-08-02,2.18434,2.19094,2.13525,2.14952,GBP/NZD,-1.6165943501583624
2024-08-09,2.14836,2.17493,2.10997,2.12695,GBP/NZD,-1.0500018608805672
2024-08-16,2.12606,2.15071,2.11413,2.13853,GBP/NZD,0.5444415712640094
2024-08-23,2.13839,2.14012,2.11446,2.11993,GBP/NZD,-0.8697563279448817
2024-08-30,2.12105,2.12829,2.09819,2.10128,GBP/NZD,-0.8797460293500259
2024-09-06,2.10118,2.13003,2.09968,2.12695,GBP/NZD,1.2216363359476068
2024-09-13,2.12585,2.13488,2.11967,2.13128,GBP/NZD,0.20357789322738018
2024-09-20,2.13051,2.13718,2.11638,2.13596,GBP/NZD,0.21958635186367648
2024-09-27,2.13453,2.13649,2.10583,2.10896,GBP/NZD,-1.2640686155171332
2024-10-04,2.11064,2.13136,2.1003,2.13023,GBP/NZD,1.0085539792124898
2024-10-11,2.12948,2.15924,2.12487,2.13881,GBP/NZD,0.40277340944403495
2024-10-18,2.14336,2.16238,2.13858,2.14906,GBP/NZD,0.47923845502872986
2024-10-25,2.14862,2.16964,2.13806,2.1685,GBP/NZD,0.9045815379747468
2024-11-01,2.16798,2.18434,2.15559,2.16919,GBP/NZD,0.0318192298824016
2024-11-08,2.16246,2.17792,2.1525,2.16621,GBP/NZD,-0.13737846846058055
2024-11-15,2.165,2.16759,2.1449,2.15064,GBP/NZD,-0.7187668785574752
2024-11-22,2.153,2.16282,2.14085,2.1479,GBP/NZD,-0.1274039355726786
2024-11-29,2.15143,2.16094,2.13621,2.148,GBP/NZD,0.004655710228607113
2024-12-06,2.15294,2.18701,2.14804,2.18555,GBP/NZD,1.7481378026070749
2024-12-13,2.18186,2.20996,2.17229,2.18865,GBP/NZD,0.14184072659055857
2024-12-20,2.18928,2.24277,2.18438,2.2264,GBP/NZD,1.7248075297557897
2024-12-27,2.22515,2.23544,2.21462,2.23032,GBP/NZD,0.1760689902982282
2025-01-03,2.23382,2.23947,2.20596,2.2128,GBP/NZD,-0.7855375013450905
2025-01-10,2.21333,2.22085,2.19276,2.19754,GBP/NZD,-0.6896240057845282
2025-01-17,2.19528,2.19874,2.17008,2.18066,GBP/NZD,-0.7681316381044301
2025-01-24,2.17871,2.18783,2.16794,2.18679,GBP/NZD,0.2811075545935626
2025-01-31,2.18905,2.20732,2.1867,2.1969,GBP/NZD,0.46232148491625047
2025-02-07,2.20388,2.22168,2.18426,2.19131,GBP/NZD,-0.25444945149982745
2025-02-14,2.19344,2.21787,2.18325,2.19738,GBP/NZD,0.277003253761432
2025-02-21,2.1997,2.22137,2.19069,2.20196,GBP/NZD,0.2084300394105787
2025-02-28,2.20061,2.25165,2.1959,2.24469,GBP/NZD,1.940543879089529
2025-03-07,2.24654,2.26933,2.24114,2.26269,GBP/NZD,0.8018924662202886
2025-03-14,2.26259,2.27544,2.24688,2.24878,GBP/NZD,-0.6147550039996674
2025-03-21,2.25007,2.26334,2.22701,2.25075,GBP/NZD,0.08760305587918182
2025-03-28,2.2474,2.26765,2.23968,2.26408,GBP/NZD,0.5922470287681891
2025-04-04,2.2613,2.31872,2.25988,2.30462,GBP/NZD,1.7905727712801633
2024-04-05,1.26251,1.26838,1.25397,1.26378,GBP/USD,
2024-04-12,1.26333,1.27096,1.24268,1.24505,GBP/USD,-1.4820617512541712
2024-04-19,1.24439,1.24988,1.2367,1.23715,GBP/USD,-0.6345126701738923
2024-04-26,1.23791,1.25411,1.22996,1.24933,GBP/USD,0.9845208745907996
2024-05-03,1.2481,1.2635,1.24664,1.25479,GBP/USD,0.43703425035819254
2024-05-10,1.25467,1.25946,1.24461,1.25241,GBP/USD,-0.18967317240335957
2024-05-17,1.25201,1.27119,1.25095,1.27007,GBP/USD,1.4100813631318765
2024-05-24,1.26962,1.27614,1.26782,1.27364,GBP/USD,0.2810868692276758
2024-05-31,1.27381,1.28009,1.26811,1.27426,GBP/USD,0.04867937564774216
2024-06-07,1.27383,1.2818,1.26943,1.27222,GBP/USD,-0.16009291667320458
2024-06-14,1.27302,1.28606,1.26572,1.26872,GBP/USD,-0.27510965084653893
2024-06-21,1.26854,1.27401,1.26222,1.2641,GBP/USD,-0.36414654139605984
2024-06-28,1.26417,1.27026,1.26128,1.26438,GBP/USD,0.022150146349186883
2024-07-05,1.26584,1.28173,1.26157,1.28145,GBP/USD,1.350068808427829
2024-07-12,1.27942,1.29909,1.27779,1.29875,GBP/USD,1.3500331655546427
2024-07-19,1.29683,1.30448,1.29013,1.29112,GBP/USD,-0.5874879692011614
2024-07-26,1.29177,1.29425,1.28499,1.28672,GBP/USD,-0.3407893921556493
2024-08-02,1.28654,1.28883,1.27075,1.2806,GBP/USD,-0.47562795324547213
2024-08-09,1.28095,1.28172,1.26651,1.2758,GBP/USD,-0.3748243011088448
2024-08-16,1.27637,1.29462,1.2747,1.29452,GBP/USD,1.4673146261169334
2024-08-23,1.29385,1.32304,1.29319,1.32185,GBP/USD,2.1112072428390416
2024-08-30,1.32124,1.32666,1.31099,1.31298,GBP/USD,-0.6710292393236728
2024-09-06,1.3133,1.3239,1.30878,1.31305,GBP/USD,0.005331383570195136
2024-09-13,1.3128,1.3158,1.30022,1.31239,GBP/USD,-0.0502646510033955
2024-09-20,1.31221,1.33405,1.31209,1.33219,GBP/USD,1.5086978718216404
2024-09-27,1.33174,1.34343,1.32486,1.33723,GBP/USD,0.37832441318430554
2024-10-04,1.33732,1.34232,1.30699,1.31212,GBP/USD,-1.8777622398540195
2024-10-11,1.31141,1.31348,1.30219,1.30658,GBP/USD,-0.4222174801085221
2024-10-18,1.30669,1.3103,1.29741,1.30491,GBP/USD,-0.12781459994796185
2024-10-25,1.30463,1.30581,1.29074,1.29599,GBP/USD,-0.6835720471143669
2024-11-01,1.29744,1.30436,1.28438,1.29348,GBP/USD,-0.19367433390690136
2024-11-08,1.29703,1.30481,1.28345,1.29191,GBP/USD,-0.12137798806320932
2024-11-15,1.29101,1.29262,1.2597,1.26207,GBP/USD,-2.3097584197041443
2024-11-22,1.26284,1.2715,1.24869,1.25307,GBP/USD,-0.7131141695785548
2024-11-29,1.25894,1.27504,1.25068,1.27403,GBP/USD,1.672691868770304
2024-12-06,1.2732,1.28112,1.2617,1.27444,GBP/USD,0.032181345808179884
2024-12-13,1.2738,1.27993,1.2608,1.26184,GBP/USD,-0.9886695332852025
2024-12-20,1.26158,1.27289,1.2475,1.25692,GBP/USD,-0.3899068027642172
2024-12-27,1.2561,1.25929,1.25007,1.25802,GBP/USD,0.08751551411385616
2025-01-03,1.25819,1.26077,1.23525,1.24234,GBP/USD,-1.246403077852487
2025-01-10,1.24242,1.25762,1.21915,1.22076,GBP/USD,-1.7370446093661895
2025-01-17,1.22023,1.23064,1.20995,1.21693,GBP/USD,-0.3137389822733372
2025-01-24,1.21776,1.25022,1.21606,1.24849,GBP/USD,2.593411289063474
2025-01-31,1.24716,1.25236,1.23856,1.23948,GBP/USD,-0.7216717795096583
2025-02-07,1.23149,1.25503,1.22491,1.241,GBP/USD,0.122632071513884
2025-02-14,1.23746,1.26302,1.23323,1.25856,GBP/USD,1.4149879129733867
2025-02-21,1.2589,1.26789,1.25627,1.26302,GBP/USD,0.35437325197051894
2025-02-28,1.26367,1.27161,1.25591,1.25744,GBP/USD,-0.441798229640078
2025-03-07,1.25817,1.2945,1.25814,1.2921,GBP/USD,2.7563939432497797
2025-03-14,1.29248,1.29895,1.28614,1.29342,GBP/USD,0.10215927559786842
2025-03-21,1.29306,1.30151,1.28875,1.29202,GBP/USD,-0.10824016947318382
2025-03-28,1.29012,1.29926,1.28709,1.29398,GBP/USD,0.1517004380737097
2025-04-04,1.30995,1.31121,1.28567,1.28983,GBP/USD,-0.3207159306944374
2024-04-05,1.71026,1.71834,1.7024,1.71734,GBP/CAD,
2024-04-12,1.71729,1.72411,1.71028,1.71456,GBP/CAD,-0.16187825357820707
2024-04-19,1.71462,1.72403,1.69994,1.70094,GBP/CAD,-0.7943729003359601
2024-04-26,1.70142,1.71312,1.68872,1.7076,GBP/CAD,0.3915482027584849
2024-05-03,1.70688,1.72266,1.7065,1.71723,GBP/CAD,0.5639494026704162
2024-05-10,1.71744,1.72124,1.70812,1.71235,GBP/CAD,-0.28417858993844414
2024-05-17,1.71146,1.73037,1.71106,1.72868,GBP/CAD,0.953660174613824
2024-05-24,1.72868,1.74532,1.7278,1.7405,GBP/CAD,0.683758706064741
2024-05-31,1.74122,1.745,1.73306,1.73627,GBP/CAD,-0.24303361103130694
2024-06-07,1.73644,1.75343,1.73383,1.75121,GBP/CAD,0.8604652502202992
2024-06-14,1.75179,1.76063,1.74166,1.74247,GBP/CAD,-0.49908349084347714
2024-06-21,1.74193,1.74689,1.72938,1.73091,GBP/CAD,-0.6634260561157457
2024-06-28,1.73062,1.73491,1.7273,1.72922,GBP/CAD,-0.09763650334216889
2024-07-05,1.7307,1.74813,1.72864,1.74812,GBP/CAD,1.092978337053685
2024-07-12,1.74562,1.77101,1.7425,1.77076,GBP/CAD,1.295105599157953
2024-07-19,1.7704,1.78275,1.76913,1.773,GBP/CAD,0.1264993562086314
2024-07-26,1.77207,1.78525,1.77206,1.7799,GBP/CAD,0.3891708967851182
2024-08-02,1.77967,1.78229,1.76214,1.77666,GBP/CAD,-0.18203269846621684
2024-08-09,1.77605,1.77745,1.7409,1.75157,GBP/CAD,-1.4122004210147088
2024-08-16,1.75257,1.7734,1.74989,1.77101,GBP/CAD,1.1098614385950833
2024-08-23,1.77058,1.7869,1.76891,1.78554,GBP/CAD,0.8204357965228892
2024-08-30,1.78472,1.78601,1.76839,1.77161,GBP/CAD,-0.7801561432395854
2024-09-06,1.77056,1.78451,1.77043,1.78194,GBP/CAD,0.583085442055542
2024-09-13,1.78128,1.78625,1.76936,1.78338,GBP/CAD,0.08081080171049582
2024-09-20,1.78349,1.80895,1.7831,1.80743,GBP/CAD,1.3485628413462125
2024-09-27,1.80586,1.81006,1.7947,1.80783,GBP/CAD,0.022130870905101574
2024-10-04,1.80754,1.8146,1.77197,1.78147,GBP/CAD,-1.4581017020405596
2024-10-11,1.78045,1.80143,1.77467,1.79837,GBP/CAD,0.9486547626398334
2024-10-18,1.79781,1.81054,1.78471,1.80127,GBP/CAD,0.16125713840866585
2024-10-25,1.80061,1.80216,1.7862,1.80055,GBP/CAD,-0.03997179767607495
2024-11-01,1.80061,1.81514,1.78804,1.80346,GBP/CAD,0.1616172836077956
2024-11-08,1.80599,1.80685,1.78709,1.7973,GBP/CAD,-0.34156565712575304
2024-11-15,1.79686,1.79826,1.76996,1.77791,GBP/CAD,-1.0788404829466303
2024-11-22,1.77954,1.78095,1.74796,1.75184,GBP/CAD,-1.46632844182214
2024-11-29,1.75683,1.7853,1.75331,1.78222,GBP/CAD,1.734176637135798
2024-12-06,1.78171,1.80439,1.77475,1.80416,GBP/CAD,1.231048916519839
2024-12-13,1.80329,1.81162,1.79458,1.79577,GBP/CAD,-0.465036360411486
2024-12-20,1.79582,1.82337,1.79476,1.80579,GBP/CAD,0.5579779147663722
2024-12-27,1.80556,1.81506,1.79844,1.81254,GBP/CAD,0.3737976176631852
2025-01-03,1.81374,1.81374,1.78051,1.79497,GBP/CAD,-0.9693579176183742
2025-01-10,1.79534,1.8002,1.75967,1.7611,GBP/CAD,-1.8869396145896555
2025-01-17,1.76005,1.76283,1.74577,1.76255,GBP/CAD,0.08233490432116852
2025-01-24,1.76211,1.79169,1.75689,1.79109,GBP/CAD,1.6192448441179064
2025-01-31,1.79166,1.81291,1.78696,1.80342,GBP/CAD,0.6884076177076537
2025-02-07,1.81299,1.81635,1.77099,1.77316,GBP/CAD,-1.677923057302233
2025-02-14,1.77625,1.78817,1.7677,1.78506,GBP/CAD,0.6711182296013973
2025-02-21,1.78418,1.79881,1.78302,1.79678,GBP/CAD,0.6565605637905758
2025-02-28,1.79756,1.82348,1.79388,1.81742,GBP/CAD,1.1487216019768764
2025-03-07,1.81831,1.86217,1.8168,1.85738,GBP/CAD,2.198721264209702
2025-03-14,1.85726,1.87801,1.85047,1.85767,GBP/CAD,0.01561339090545566
2025-03-21,1.85725,1.86618,1.84911,1.85389,GBP/CAD,-0.20348070432315568
2025-03-28,1.85171,1.85813,1.83463,1.85256,GBP/CAD,-0.07174104180939223
2025-04-04,1.84593,1.85209,1.83094,1.83495,GBP/CAD,-0.9505764995465626
2024-04-05,1.13882,1.14859,1.13453,1.14022,GBP/CHF,
2024-04-12,1.13838,1.14841,1.13217,1.13851,GBP/CHF,-0.14997105821684675
2024-04-19,1.13525,1.14138,1.11707,1.12604,GBP/CHF,-1.0952912139550852
2024-04-26,1.12627,1.14366,1.12138,1.14245,GBP/CHF,1.4573194557919722
2024-05-03,1.1411,1.15125,1.13438,1.1354,GBP/CHF,-0.6170948400367582
2024-05-10,1.1358,1.13978,1.13197,1.13531,GBP/CHF,-0.00792672186012977
2024-05-17,1.13517,1.15475,1.13373,1.15466,GBP/CHF,1.7043803014154646
2024-05-24,1.15396,1.16546,1.15272,1.16488,GBP/CHF,0.8851090364262904
2024-05-31,1.16495,1.16778,1.14751,1.14985,GBP/CHF,-1.2902616578531645
2024-06-07,1.14938,1.15053,1.13623,1.1407,GBP/CHF,-0.7957559681697646
2024-06-14,1.14131,1.1474,1.12762,1.1295,GBP/CHF,-0.9818532480056152
2024-06-21,1.12914,1.13205,1.12193,1.13045,GBP/CHF,0.08410801239486787
2024-06-28,1.12949,1.13874,1.12886,1.13631,GBP/CHF,0.51837763722411
2024-07-05,1.1366,1.15239,1.13535,1.14795,GBP/CHF,1.0243683501861334
2024-07-12,1.14679,1.1624,1.14503,1.16173,GBP/CHF,1.2004007143168183
2024-07-19,1.15985,1.1633,1.14638,1.14764,GBP/CHF,-1.212846358448172
2024-07-26,1.14784,1.15209,1.12995,1.1373,GBP/CHF,-0.9009794012059591
2024-08-02,1.13689,1.14091,1.09758,1.09867,GBP/CHF,-3.3966411676778274
2024-08-09,1.09952,1.10737,1.07433,1.10391,GBP/CHF,0.4769403005451922
2024-08-16,1.10388,1.12279,1.10234,1.12133,GBP/CHF,1.5780271942459123
2024-08-23,1.12171,1.12366,1.11066,1.1204,GBP/CHF,-0.08293722632943812
2024-08-30,1.12027,1.12122,1.10895,1.116,GBP/CHF,-0.3927168868261277
2024-09-06,1.11597,1.12163,1.1055,1.10724,GBP/CHF,-0.7849462365591475
2024-09-13,1.10706,1.11766,1.10242,1.11425,GBP/CHF,0.6331057403995421
2024-09-20,1.11225,1.13351,1.11169,1.13279,GBP/CHF,1.6638994839578203
2024-09-27,1.13163,1.13702,1.12338,1.12382,GBP/CHF,-0.791850210542111
2024-10-04,1.12495,1.1339,1.11207,1.12596,GBP/CHF,0.19042195369365356
2024-10-11,1.12661,1.12777,1.11526,1.1201,GBP/CHF,-0.5204447760133513
2024-10-18,1.12013,1.13198,1.11925,1.12846,GBP/CHF,0.7463619319703518
2024-10-25,1.12881,1.12929,1.1186,1.12327,GBP/CHF,-0.4599188274285293
2024-11-01,1.12599,1.13043,1.11071,1.12445,GBP/CHF,0.10505043311046514
2024-11-08,1.12521,1.13517,1.11673,1.13122,GBP/CHF,0.6020721241495774
2024-11-15,1.13083,1.13419,1.11647,1.11647,GBP/CHF,-1.3039019819309994
2024-11-22,1.12128,1.12427,1.11077,1.1203,GBP/CHF,0.34304549159405173
2024-11-29,1.12247,1.12423,1.11166,1.12406,GBP/CHF,0.33562438632508407
2024-12-06,1.12143,1.12648,1.11748,1.11999,GBP/CHF,-0.36208031599737067
2024-12-13,1.1197,1.13503,1.11868,1.12644,GBP/CHF,0.575897999089281
2024-12-20,1.12576,1.13963,1.11726,1.12318,GBP/CHF,-0.28940733638720406
2024-12-27,1.12145,1.13546,1.12078,1.13448,GBP/CHF,1.0060720454423855
2025-01-03,1.13472,1.13798,1.1258,1.12868,GBP/CHF,-0.5112474437627856
2025-01-10,1.12974,1.13803,1.11743,1.11928,GBP/CHF,-0.8328312719282582
2025-01-17,1.11857,1.12145,1.10875,1.1141,GBP/CHF,-0.462797512686719
2025-01-24,1.11285,1.13145,1.11121,1.13114,GBP/CHF,1.5294856835113446
2025-01-31,1.13061,1.13223,1.12085,1.12903,GBP/CHF,-0.18653747546722999
2025-02-07,1.12733,1.13395,1.11904,1.12888,GBP/CHF,-0.013285740857182926
2025-02-14,1.12678,1.14045,1.12444,1.13125,GBP/CHF,0.20994259797320058
2025-02-21,1.13225,1.14275,1.1309,1.13516,GBP/CHF,0.3456353591160033
2025-02-28,1.13428,1.13925,1.12852,1.13494,GBP/CHF,-0.019380527855095142
2025-03-07,1.13617,1.15037,1.1298,1.13647,GBP/CHF,0.13480888857559936
2025-03-14,1.13722,1.14704,1.13008,1.14448,GBP/CHF,0.7048140294068306
2025-03-21,1.14448,1.14732,1.13648,1.13966,GBP/CHF,-0.4211519642108197
2025-03-28,1.13936,1.1449,1.13794,1.13998,GBP/CHF,0.028078549742915904
2025-04-04,1.12554,1.12554,1.1025,1.1096,GBP/CHF,-2.66495903436903
2024-04-05,1.08939,1.09556,1.0891,1.09429,AUD/NZD,
2024-04-12,1.09349,1.09515,1.08755,1.08849,AUD/NZD,-0.5300240338484308
2024-04-19,1.08907,1.09219,1.0857,1.09002,AUD/NZD,0.14056169555991538
2024-04-26,1.08972,1.09992,1.08794,1.09988,AUD/NZD,0.904570558338369
2024-05-03,1.09741,1.10277,1.0974,1.09976,AUD/NZD,-0.010910281121567778
2024-05-10,1.09983,1.10307,1.09513,1.09708,AUD/NZD,-0.24368953226158174
2024-05-17,1.09742,1.09975,1.0892,1.09125,AUD/NZD,-0.5314106537353758
2024-05-24,1.09116,1.0945,1.08189,1.08274,AUD/NZD,-0.7798396334478874
2024-05-31,1.08382,1.08525,1.08057,1.08282,AUD/NZD,0.007388662097995713
2024-06-07,1.08316,1.08364,1.07294,1.0782,AUD/NZD,-0.426663711420161
2024-06-14,1.07794,1.07976,1.07491,1.07702,AUD/NZD,-0.10944166202930816
2024-06-21,1.07788,1.08922,1.07695,1.08558,AUD/NZD,0.7947856121520491
2024-06-28,1.08584,1.09642,1.08501,1.095,AUD/NZD,0.8677389045487205
2024-07-05,1.09477,1.10111,1.09284,1.09822,AUD/NZD,0.2940639269406464
2024-07-12,1.09739,1.11181,1.09736,1.10877,AUD/NZD,0.9606454080238969
2024-07-19,1.10875,1.11513,1.10596,1.11251,AUD/NZD,0.3373107136737108
2024-07-26,1.11183,1.1137,1.10373,1.1119,AUD/NZD,-0.05483096781152552
2024-08-02,1.11232,1.11488,1.09138,1.09292,AUD/NZD,-1.706988038492685
2024-08-09,1.09269,1.10085,1.08438,1.09561,AUD/NZD,0.2461296343739816
2024-08-16,1.09543,1.10571,1.09026,1.10189,AUD/NZD,0.5731966666971067
2024-08-23,1.10157,1.10335,1.08984,1.09015,AUD/NZD,-1.0654421040212747
2024-08-30,1.09084,1.09222,1.0798,1.08265,AUD/NZD,-0.6879787185249842
2024-09-06,1.08433,1.09055,1.07972,1.08017,AUD/NZD,-0.22906756569526232
2024-09-13,1.07968,1.08953,1.0784,1.08884,AUD/NZD,0.8026514344964264
2024-09-20,1.08852,1.09452,1.08759,1.09142,AUD/NZD,0.23694941405532077
2024-09-27,1.09088,1.09442,1.08504,1.08836,AUD/NZD,-0.2803686939949812
2024-10-04,1.08945,1.10495,1.08695,1.10321,AUD/NZD,1.3644382373479313
2024-10-11,1.10291,1.10925,1.09794,1.10516,AUD/NZD,0.17675691844707409
2024-10-18,1.10592,1.1077,1.09914,1.10439,AUD/NZD,-0.0696731694958097
2024-10-25,1.1043,1.10662,1.10293,1.10494,AUD/NZD,0.049801247747627286
2024-11-01,1.10575,1.10617,1.09645,1.1001,AUD/NZD,-0.43803283436204543
2024-11-08,1.10248,1.10916,1.0995,1.10305,AUD/NZD,0.26815744023269694
2024-11-15,1.10286,1.10512,1.09957,1.1015,AUD/NZD,-0.14051946874577004
2024-11-22,1.10149,1.11821,1.10125,1.11387,AUD/NZD,1.123014071720374
2024-11-29,1.11545,1.11708,1.09905,1.1005,AUD/NZD,-1.200319606417255
2024-12-06,1.10149,1.10325,1.0957,1.09665,AUD/NZD,-0.34984098137211816
2024-12-13,1.09513,1.10622,1.09501,1.10367,AUD/NZD,0.640131308986458
2024-12-20,1.10352,1.10865,1.09942,1.1061,AUD/NZD,0.22017450868467847
2024-12-27,1.10891,1.10928,1.10206,1.10345,AUD/NZD,-0.239580508091497
2025-01-03,1.10322,1.1102,1.10071,1.10787,AUD/NZD,0.4005618741220518
2025-01-10,1.10624,1.10915,1.10388,1.10478,AUD/NZD,-0.27891359094477375
2025-01-17,1.10643,1.11042,1.10196,1.10954,AUD/NZD,0.43085501185755604
2025-01-24,1.10928,1.10974,1.10374,1.10597,AUD/NZD,-0.3217549615155857
2025-01-31,1.10655,1.10718,1.1006,1.10176,AUD/NZD,-0.380661319927289
2025-02-07,1.1023,1.11044,1.10157,1.10807,AUD/NZD,0.5727200116177888
2025-02-14,1.10705,1.11448,1.10566,1.10825,AUD/NZD,0.016244461089987006
2025-02-21,1.10973,1.11763,1.10675,1.10675,AUD/NZD,-0.13534852244529993
2025-02-28,1.10798,1.11015,1.1062,1.10866,AUD/NZD,0.17257736616218544
2025-03-07,1.10991,1.11083,1.10125,1.10449,AUD/NZD,-0.37612974221131745
2025-03-14,1.10456,1.10512,1.09954,1.10039,AUD/NZD,-0.3712120526215723
2025-03-21,1.10024,1.10129,1.09121,1.09453,AUD/NZD,-0.5325384636356234
2025-03-28,1.09334,1.10139,1.09306,1.10037,AUD/NZD,0.5335623509634235
2025-04-04,1.09232,1.09342,1.07789,1.07955,AUD/NZD,-1.892090842171279
2024-04-05,0.88311,0.89524,0.88011,0.89402,AUD/CAD,
2024-04-12,0.89382,0.90074,0.88967,0.88989,AUD/CAD,-0.46195834545089687
2024-04-19,0.89063,0.89267,0.87817,0.88242,AUD/CAD,-0.8394295924215367
2024-04-26,0.88214,0.89473,0.88166,0.89299,AUD/CAD,1.1978422973187408
2024-05-03,0.8925,0.90596,0.89094,0.90465,AUD/CAD,1.3057257080146378
2024-05-10,0.90512,0.90767,0.90131,0.90281,AUD/CAD,-0.20339357762669819
2024-05-17,0.90266,0.91248,0.90063,0.91121,AUD/CAD,0.9304283293273263
2024-05-24,0.91118,0.91258,0.90481,0.9058,AUD/CAD,-0.5937160478923564
2024-05-31,0.90589,0.90987,0.90505,0.90657,AUD/CAD,0.08500772797526146
2024-06-07,0.90663,0.91356,0.90457,0.90594,AUD/CAD,-0.06949270326616075
2024-06-14,0.90576,0.91883,0.90528,0.90855,AUD/CAD,0.2880985495728128
2024-06-21,0.90803,0.91578,0.90573,0.90941,AUD/CAD,0.09465632051071093
2024-06-28,0.90929,0.91487,0.90592,0.9122,AUD/CAD,0.30679231589711975
2024-07-05,0.91325,0.92092,0.91119,0.92065,AUD/CAD,0.9263319447489593
2024-07-12,0.91913,0.9254,0.91734,0.92496,AUD/CAD,0.46814750448054276
2024-07-19,0.92413,0.92643,0.91739,0.91794,AUD/CAD,-0.7589517384535616
2024-07-26,0.91763,0.91861,0.90152,0.9058,AUD/CAD,-1.322526526788237
2024-08-02,0.90616,0.90848,0.89736,0.90338,AUD/CAD,-0.26716714506515027
2024-08-09,0.90334,0.90646,0.88538,0.90227,AUD/CAD,-0.12287188115742698
2024-08-16,0.90175,0.91322,0.90113,0.91254,AUD/CAD,1.1382402163432337
2024-08-23,0.91231,0.92044,0.9108,0.91822,AUD/CAD,0.6224384684506923
2024-08-30,0.91754,0.91831,0.91173,0.91281,AUD/CAD,-0.5891834200954071
2024-09-06,0.91262,0.91681,0.90415,0.90496,AUD/CAD,-0.8599818143973037
2024-09-13,0.90501,0.91341,0.90181,0.91108,AUD/CAD,0.6762729844413062
2024-09-20,0.9113,0.92686,0.91053,0.92355,AUD/CAD,1.368705272862969
2024-09-27,0.92296,0.9349,0.91923,0.93297,AUD/CAD,1.019977261653393
2024-10-04,0.93227,0.93772,0.92173,0.92257,AUD/CAD,-1.1147196587242836
2024-10-11,0.92162,0.93049,0.91551,0.92919,AUD/CAD,0.7175607270992979
2024-10-18,0.92756,0.92928,0.91612,0.92558,AUD/CAD,-0.38851042305664274
2024-10-25,0.92549,0.92799,0.91587,0.91746,AUD/CAD,-0.8772877547051472
2024-11-01,0.91824,0.91927,0.90999,0.91523,AUD/CAD,-0.24306236784166213
2024-11-08,0.92049,0.92715,0.90726,0.91536,AUD/CAD,0.014204079848778584
2024-11-15,0.91618,0.91834,0.90444,0.91044,AUD/CAD,-0.5374934452018754
2024-11-22,0.91044,0.914,0.90685,0.90884,AUD/CAD,-0.17573920302271784
2024-11-29,0.91118,0.91654,0.90762,0.91176,AUD/CAD,0.3212886756744915
2024-12-06,0.91128,0.91284,0.90007,0.90488,AUD/CAD,-0.7545845397911699
2024-12-13,0.90514,0.91362,0.89834,0.90538,AUD/CAD,0.055255945539745
2024-12-20,0.90417,0.90804,0.89559,0.89723,AUD/CAD,-0.9001745123594529
2024-12-27,0.89925,0.90045,0.89386,0.89578,AUD/CAD,-0.161608506180122
2025-01-03,0.89571,0.89913,0.88922,0.89829,AUD/CAD,0.2802027283484776
2025-01-10,0.89753,0.90185,0.88544,0.88626,AUD/CAD,-1.3392111678856455
2025-01-17,0.88695,0.89701,0.88546,0.89671,AUD/CAD,1.1791122244036778
2025-01-24,0.89697,0.9068,0.89561,0.90556,AUD/CAD,0.986941151542875
2025-01-31,0.90572,0.90622,0.8967,0.90478,AUD/CAD,-0.08613454657890873
2025-02-07,0.90675,0.90931,0.89378,0.89643,AUD/CAD,-0.9228762793165313
2025-02-14,0.89631,0.90181,0.89316,0.9007,AUD/CAD,0.47633390225672034
2025-02-21,0.89966,0.90816,0.89942,0.9039,AUD/CAD,0.3552792272677019
2025-02-28,0.90512,0.90882,0.89512,0.89762,AUD/CAD,-0.6947671202566674
2025-03-07,0.89832,0.91092,0.8966,0.90667,AUD/CAD,1.0082217419397965
2025-03-14,0.90668,0.91255,0.90235,0.90868,AUD/CAD,0.22169036143249166
2025-03-21,0.90912,0.91309,0.89871,0.90015,AUD/CAD,-0.93872430338513
2025-03-28,0.90061,0.90351,0.89723,0.89996,AUD/CAD,-0.021107593178915085
2025-04-04,0.89156,0.89211,0.85317,0.85951,AUD/CAD,-4.494644206409171
2024-04-05,98.629,100.398,98.258,99.752,AUD/JPY,
2024-04-12,99.692,100.807,98.73351,99.056,AUD/JPY,-0.6977303713208705
2024-04-19,98.9975,100.017,97.776,99.2525,AUD/JPY,0.198372637699884
2024-04-26,99.201,103.4755,99.1165,103.41451,AUD/JPY,4.1933553310999905
2024-05-03,103.13,104.95351,99.9185,101.05949,AUD/JPY,-2.2772626394497397
2024-05-10,101.15649,103.082,100.931,102.87801,AUD/JPY,1.7994549547004413
2024-05-17,102.791,104.298,102.5995,104.237,AUD/JPY,1.3209722855253458
2024-05-24,104.166,104.5665,103.4715,104.033,AUD/JPY,-0.1957078580542393
2024-05-31,104.03,104.8615,103.358,104.632,AUD/JPY,0.5757788394067376
2024-06-07,104.5745,104.724,102.612,103.1545,AUD/JPY,-1.412091903050694
2024-06-14,103.168,104.80099,103.0865,104.117,AUD/JPY,0.9330664197878091
2024-06-21,104.028,106.1425,103.589,106.142,AUD/JPY,1.9449273413563395
2024-06-28,106.076,107.46,105.5945,107.302,AUD/JPY,1.092875581767827
2024-07-05,107.4315,108.5985,107.24,108.532,AUD/JPY,1.146297366311888
2024-07-12,108.29,109.371,106.7485,107.107,AUD/JPY,-1.312976817897027
2024-07-19,107.104,107.2405,104.528,105.2885,AUD/JPY,-1.6978348754049688
2024-07-26,105.265,105.4245,99.2115,100.683,AUD/JPY,-4.374171918110703
2024-08-02,100.6955,101.775,95.3335,95.42599,AUD/JPY,-5.221348191849673
2024-08-09,95.5205,97.44749,90.1425,96.387,AUD/JPY,1.0070736494323995
2024-08-16,96.3015,98.907,96.3015,98.45351,AUD/JPY,2.14397169742806
2024-08-23,98.3745,99.032,96.9895,98.1345,AUD/JPY,-0.324020951614612
2024-08-30,97.93,98.9745,97.2625,98.907,AUD/JPY,0.7871849349617044
2024-09-06,98.85249,99.8655,94.7725,94.902,AUD/JPY,-4.049258394249133
2024-09-13,94.9115,95.7085,93.5905,94.4575,AUD/JPY,-0.4683779056289694
2024-09-20,94.35651,98.306,93.8685,97.959,AUD/JPY,3.7069581557843456
2024-09-27,97.8905,100.7215,97.625,98.18201,AUD/JPY,0.2276564685225413
2024-10-04,98.12199,101.2715,98.089,100.996,AUD/JPY,2.8660953264248556
2024-10-11,100.9995,101.418,99.085,100.681,AUD/JPY,-0.31189354033822614
2024-10-18,100.5,100.947,99.435,100.2565,AUD/JPY,-0.42162870849514755
2024-10-25,100.241,101.6895,99.9445,100.588,AUD/JPY,0.3306518779330858
2024-11-01,101.3855,101.5235,99.537,100.365,AUD/JPY,-0.2216964250208786
2024-11-08,100.712,102.412,100.01,100.431,AUD/JPY,0.06575997608728734
2024-11-15,100.471,101.362,99.413,99.697,AUD/JPY,-0.7308500363433557
2024-11-22,99.7655,101.569,99.4875,100.612,AUD/JPY,0.9177808760544304
2024-11-29,100.743,101.041,97.4465,97.536,AUD/JPY,-3.057289388939688
2024-12-06,97.493,98.0285,95.5185,95.916,AUD/JPY,-1.6609251968503935
2024-12-13,95.8865,98.0695,95.6115,97.7475,AUD/JPY,1.9094832978856502
2024-12-20,97.5995,98.7415,95.802,97.76,AUD/JPY,0.012788050845302656
2024-12-27,97.8405,98.4555,97.7415,98.138,AUD/JPY,0.3866612111292911
2025-01-03,98.029,98.7515,96.93,97.7765,AUD/JPY,-0.3683588416311778
2025-01-10,97.626,99.1775,96.7935,96.9305,AUD/JPY,-0.8652385798223583
2025-01-17,97.013,97.9665,96.059,96.805,AUD/JPY,-0.1294742109036795
2025-01-24,96.8625,98.7715,96.6615,98.469,AUD/JPY,1.7189194772997185
2025-01-31,98.1805,98.2585,95.6055,96.47,AUD/JPY,-2.0300805329596106
2025-02-07,95.41,96.7635,94.4875,94.9645,AUD/JPY,-1.5605887840779542
2025-02-14,94.487,97.3395,94.4185,96.82,AUD/JPY,1.9538880318434648
2025-02-21,96.657,96.852,94.6455,94.88,AUD/JPY,-2.0037182400330478
2025-02-28,94.9455,95.4605,92.7245,93.5205,AUD/JPY,-1.432862563237769
2025-03-07,93.709,94.7275,91.8525,93.3405,AUD/JPY,-0.19247116942273657
2025-03-14,93.3645,94.1095,91.82,94.0135,AUD/JPY,0.7210160648378761
2025-03-21,94.1375,95.7565,93.1455,93.673,AUD/JPY,-0.3621820270492959
2025-03-28,93.7235,95.4015,93.65,94.1995,AUD/JPY,0.5620616399602874
2025-04-04,92.42357,92.62089,87.47303,88.80629,AUD/JPY,-5.725306397592345
2024-04-05,0.58816,0.59924,0.58624,0.59361,AUD/CHF,
2024-04-12,0.5926,0.59957,0.58872,0.59091,AUD/CHF,-0.4548440895537298
2024-04-19,0.58988,0.59325,0.57415,0.58419,AUD/CHF,-1.1372290196476675
2024-04-26,0.58384,0.59809,0.58384,0.59748,AUD/CHF,2.2749447953576807
2024-05-03,0.59676,0.60018,0.59297,0.59819,AUD/CHF,0.11883242953738549
2024-05-10,0.59856,0.60211,0.59612,0.59863,AUD/CHF,0.07355522492853428
2024-05-17,0.59879,0.60868,0.59725,0.60864,AUD/CHF,1.6721514123916315
2024-05-24,0.60825,0.60998,0.60324,0.60627,AUD/CHF,-0.3893927444794887
2024-05-31,0.60618,0.60864,0.59861,0.60039,AUD/CHF,-0.9698649116730129
2024-06-07,0.60024,0.60107,0.58974,0.59006,AUD/CHF,-1.720548310264991
2024-06-14,0.58998,0.59776,0.5875,0.58893,AUD/CHF,-0.19150594854762115
2024-06-21,0.58854,0.59526,0.58606,0.59394,AUD/CHF,0.8506953288166752
2024-06-28,0.5935,0.60091,0.59228,0.59938,AUD/CHF,0.9159174327373121
2024-07-05,0.6001,0.60706,0.59926,0.60457,AUD/CHF,0.8658947579165188
2024-07-12,0.60403,0.60827,0.60288,0.60684,AUD/CHF,0.37547347701671896
2024-07-19,0.60574,0.60741,0.59337,0.59416,AUD/CHF,-2.0895128864280577
2024-07-26,0.59427,0.595,0.57228,0.57879,AUD/CHF,-2.586845294196849
2024-08-02,0.57906,0.58231,0.55796,0.55857,AUD/CHF,-3.493495050018147
2024-08-09,0.5597,0.57246,0.53657,0.56865,AUD/CHF,1.8046081959288918
2024-08-16,0.56824,0.57846,0.56776,0.57775,AUD/CHF,1.600281368152645
2024-08-23,0.57596,0.58149,0.57051,0.57621,AUD/CHF,-0.26655127650367927
2024-08-30,0.57609,0.57811,0.56966,0.57502,AUD/CHF,-0.2065219277693986
2024-09-06,0.57493,0.57899,0.56169,0.56231,AUD/CHF,-2.2103579005947616
2024-09-13,0.5622,0.57317,0.5604,0.56924,AUD/CHF,1.232416282833304
2024-09-20,0.56824,0.57986,0.56778,0.57885,AUD/CHF,1.6882158667697267
2024-09-27,0.57842,0.58492,0.57815,0.57998,AUD/CHF,0.19521464973655256
2024-10-04,0.58043,0.58704,0.57999,0.58306,AUD/CHF,0.5310527949239585
2024-10-11,0.58384,0.58494,0.5731,0.57874,AUD/CHF,-0.7409186018591529
2024-10-18,0.57798,0.58227,0.57513,0.57985,AUD/CHF,0.1917959705567185
2024-10-25,0.57976,0.58149,0.57151,0.57233,AUD/CHF,-1.29688712598085
2024-11-01,0.57418,0.57434,0.56575,0.5706,AUD/CHF,-0.3022731640836551
2024-11-08,0.57357,0.58333,0.56808,0.57629,AUD/CHF,0.9971959341044556
2024-11-15,0.57633,0.57977,0.57168,0.57168,AUD/CHF,-0.7999444724010485
2024-11-22,0.57382,0.58201,0.57206,0.58127,AUD/CHF,1.6775118947663037
2024-11-29,0.58219,0.5833,0.57122,0.5752,AUD/CHF,-1.0442651435649375
2024-12-06,0.57376,0.57574,0.55962,0.56177,AUD/CHF,-2.3348400556328364
2024-12-13,0.56284,0.57016,0.56027,0.56775,AUD/CHF,1.0644925859337517
2024-12-20,0.56705,0.57029,0.55652,0.5581,AUD/CHF,-1.6996917657419508
2024-12-27,0.55875,0.56264,0.55741,0.5606,AUD/CHF,0.4479483963447217
2025-01-03,0.5604,0.56713,0.55993,0.56478,AUD/CHF,0.74562968248304
2025-01-10,0.56396,0.56988,0.56286,0.56327,AUD/CHF,-0.26736074223590034
2025-01-17,0.56358,0.56975,0.56268,0.56674,AUD/CHF,0.6160455909244078
2025-01-24,0.56631,0.5727,0.56462,0.57193,AUD/CHF,0.9157638423263004
2025-01-31,0.57177,0.57177,0.56288,0.56666,AUD/CHF,-0.9214414351406686
2025-02-07,0.56376,0.57167,0.55773,0.57064,AUD/CHF,0.7023612042494687
2025-02-14,0.56889,0.57597,0.56772,0.57089,AUD/CHF,0.04381045843262488
2025-02-21,0.5707,0.57633,0.56981,0.57107,AUD/CHF,0.03152971675803862
2025-02-28,0.5713,0.57311,0.55814,0.56059,AUD/CHF,-1.835151557602388
2025-03-07,0.56167,0.5662,0.55145,0.5547,AUD/CHF,-1.0506787491749825
2025-03-14,0.55519,0.56037,0.5494,0.5601,AUD/CHF,0.9734991887506927
2025-03-21,0.55998,0.56358,0.55243,0.55243,AUD/CHF,-1.3693983217282768
2025-03-28,0.55397,0.55946,0.5534,0.55378,AUD/CHF,0.24437485292254646
2025-04-04,0.54382,0.54392,0.51442,0.51984,AUD/CHF,-6.128787605186192
2024-04-05,0.6521,0.6619,0.64808,0.65788,AUD/USD,
2024-04-12,0.6576,0.66445,0.6456,0.64621,AUD/USD,-1.7738797349060698
2024-04-19,0.64645,0.64932,0.63623,0.64182,AUD/USD,-0.6793457235264033
2024-04-26,0.6416,0.65543,0.64142,0.65333,AUD/USD,1.7933376959271996
2024-05-03,0.653,0.66486,0.64653,0.66104,AUD/USD,1.1801080617758197
2024-05-10,0.66197,0.66439,0.65579,0.66036,AUD/USD,-0.10286820767275717
2024-05-17,0.66025,0.67141,0.65795,0.66947,AUD/USD,1.3795505481858372
2024-05-24,0.66921,0.67097,0.65921,0.66278,AUD/USD,-0.9992979521113665
2024-05-31,0.66264,0.66799,0.65908,0.66534,AUD/USD,0.386251848275454
2024-06-07,0.66521,0.66987,0.6579,0.65817,AUD/USD,-1.0776445125800338
2024-06-14,0.65804,0.67044,0.65761,0.66153,AUD/USD,0.5105064041205143
2024-06-21,0.66105,0.66793,0.65852,0.66416,AUD/USD,0.39756322464590266
2024-06-28,0.664,0.66887,0.66199,0.66699,AUD/USD,0.4261021440616686
2024-07-05,0.66817,0.67529,0.66341,0.67485,AUD/USD,1.178428462195824
2024-07-12,0.67365,0.67986,0.67239,0.6784,AUD/USD,0.5260428243313298
2024-07-19,0.67725,0.67887,0.66802,0.66842,AUD/USD,-1.471108490566031
2024-07-26,0.66909,0.67023,0.65144,0.65482,AUD/USD,-2.0346488734627965
2024-08-02,0.65501,0.65683,0.64797,0.65113,AUD/USD,-0.5635136373354444
2024-08-09,0.65134,0.66053,0.63489,0.65721,AUD/USD,0.9337613072658346
2024-08-16,0.65683,0.66714,0.6565,0.667,AUD/USD,1.4896304073279687
2024-08-23,0.66663,0.67987,0.6653,0.67974,AUD/USD,1.9100449775112383
2024-08-30,0.67901,0.68239,0.67516,0.67651,AUD/USD,-0.47518168711566666
2024-09-06,0.67659,0.67949,0.66599,0.66682,AUD/USD,-1.432351332574533
2024-09-13,0.66681,0.67326,0.66221,0.67046,AUD/USD,0.5458744488767486
2024-09-20,0.67045,0.68391,0.67032,0.68072,AUD/USD,1.530292634907382
2024-09-27,0.68051,0.69373,0.68002,0.69011,AUD/USD,1.3794217886943239
2024-10-04,0.69031,0.69424,0.67856,0.67952,AUD/USD,-1.5345379722073282
2024-10-11,0.67921,0.68104,0.6701,0.67507,AUD/USD,-0.6548740287261712
2024-10-18,0.67414,0.67459,0.66584,0.67052,AUD/USD,-0.6740041773445671
2024-10-25,0.67055,0.67234,0.66012,0.66033,AUD/USD,-1.5197160412813937
2024-11-01,0.66165,0.66172,0.6537,0.65596,AUD/USD,-0.6617903169627293
2024-11-08,0.66116,0.66881,0.65122,0.65797,AUD/USD,0.3064211232392422
2024-11-15,0.65807,0.65986,0.64407,0.6462,AUD/USD,-1.7888353572351412
2024-11-22,0.64605,0.65447,0.64477,0.65031,AUD/USD,0.6360259981430083
2024-11-29,0.65298,0.65502,0.64338,0.65123,AUD/USD,0.1414709907582523
2024-12-06,0.65134,0.65152,0.63726,0.63942,AUD/USD,-1.8134913932097652
2024-12-13,0.6394,0.64719,0.63364,0.6359,AUD/USD,-0.5504988896187113
2024-12-20,0.63528,0.63831,0.61989,0.62494,AUD/USD,-1.7235414373329094
2024-12-27,0.6258,0.62651,0.62004,0.6216,AUD/USD,-0.5344513073255008
2025-01-03,0.62145,0.62472,0.61788,0.62174,AUD/USD,0.02252252252250564
2025-01-10,0.62099,0.63025,0.61392,0.61458,AUD/USD,-1.1516067809695274
2025-01-17,0.61487,0.62468,0.61309,0.61937,AUD/USD,0.779394057730487
2025-01-24,0.61993,0.63309,0.61897,0.63149,AUD/USD,1.956827098503311
2025-01-31,0.63046,0.63082,0.6199,0.62209,AUD/USD,-1.4885429698015762
2025-02-07,0.61588,0.63016,0.60877,0.62735,AUD/USD,0.8455368194312696
2025-02-14,0.6244,0.6368,0.62349,0.6352,AUD/USD,1.2512951303100373
2025-02-21,0.63497,0.64087,0.63276,0.63551,AUD/USD,0.048803526448359946
2025-02-28,0.6363,0.63924,0.61926,0.62104,AUD/USD,-2.2769114569400895
2025-03-07,0.62172,0.63643,0.61871,0.63039,AUD/USD,1.5055390957104064
2025-03-14,0.63101,0.63337,0.62587,0.63238,AUD/USD,0.3156775964085812
2025-03-21,0.63253,0.63912,0.62577,0.6273,AUD/USD,-0.8033144628230016
2025-03-28,0.62737,0.6331,0.62676,0.62853,AUD/USD,0.19607843137254832
2025-04-04,0.63284,0.6331,0.59898,0.60399,AUD/USD,-3.90434824113407
2024-04-05,0.59835,0.60465,0.59396,0.60115,NZD/USD,
2024-04-12,0.60104,0.60829,0.5934,0.59369,NZD/USD,-1.240954836563235
2024-04-19,0.59391,0.59537,0.58522,0.58879,NZD/USD,-0.8253465613367261
2024-04-26,0.58892,0.59696,0.5887,0.59401,NZD/USD,0.8865639701761241
2024-05-03,0.59463,0.6049,0.58745,0.60108,NZD/USD,1.1902156529351116
2024-05-10,0.60086,0.60399,0.59811,0.60189,NZD/USD,0.134757436614108
2024-05-17,0.60168,0.61404,0.59945,0.61349,NZD/USD,1.927262456595047
2024-05-24,0.61332,0.61525,0.60829,0.61213,NZD/USD,-0.22168250501231057
2024-05-31,0.61174,0.61703,0.60889,0.61449,NZD/USD,0.3855390194893227
2024-06-07,0.61396,0.62154,0.61019,0.61044,NZD/USD,-0.6590831421178556
2024-06-14,0.61053,0.62221,0.60996,0.61423,NZD/USD,0.6208636393421285
2024-06-21,0.61358,0.61485,0.6097,0.6118,NZD/USD,-0.39561727691581616
2024-06-28,0.61143,0.61404,0.60577,0.60909,NZD/USD,-0.4429552141222648
2024-07-05,0.60994,0.61489,0.60476,0.61453,NZD/USD,0.8931356613965047
2024-07-12,0.61395,0.61549,0.60652,0.61183,NZD/USD,-0.4393601614241849
2024-07-19,0.6109,0.61127,0.60055,0.60083,NZD/USD,-1.797885033424318
2024-07-26,0.60129,0.60278,0.58814,0.58893,NZD/USD,-1.980593512307982
2024-08-02,0.58893,0.59846,0.58579,0.59577,NZD/USD,1.1614283531149905
2024-08-09,0.59613,0.60351,0.58503,0.59983,NZD/USD,0.6814710374809074
2024-08-16,0.59974,0.60839,0.59745,0.60533,NZD/USD,0.9169264624977247
2024-08-23,0.60517,0.62367,0.60456,0.62351,NZD/USD,3.0033205028662024
2024-08-30,0.62252,0.6299,0.61943,0.62486,NZD/USD,0.21651617456015515
2024-09-06,0.62453,0.62542,0.61559,0.61733,NZD/USD,-1.2050699356655814
2024-09-13,0.61766,0.6194,0.61064,0.61577,NZD/USD,-0.25270114849432757
2024-09-20,0.61593,0.62688,0.61544,0.62368,NZD/USD,1.2845705377007688
2024-09-27,0.62384,0.63673,0.62252,0.63407,NZD/USD,1.6659184197024057
2024-10-04,0.63368,0.63792,0.61458,0.61595,NZD/USD,-2.857728641948054
2024-10-11,0.61601,0.61735,0.60527,0.61086,NZD/USD,-0.8263657764428944
2024-10-18,0.60967,0.61059,0.60397,0.60715,NZD/USD,-0.6073404708116459
2024-10-25,0.60729,0.60841,0.59742,0.59763,NZD/USD,-1.567981553158193
2024-11-01,0.59829,0.60019,0.594,0.59628,NZD/USD,-0.22589227448420734
2024-11-08,0.59984,0.60381,0.59118,0.59702,NZD/USD,0.12410277051049246
2024-11-15,0.59655,0.59778,0.58393,0.5868,NZD/USD,-1.7118354493986798
2024-11-22,0.58648,0.59224,0.58163,0.58337,NZD/USD,-0.5845262440354326
2024-11-29,0.58517,0.59293,0.57969,0.5922,NZD/USD,1.5136191439395041
2024-12-06,0.59118,0.59167,0.5821,0.58312,NZD/USD,-1.5332657885849366
2024-12-13,0.58385,0.58884,0.57537,0.57628,NZD/USD,-1.1730004115790837
2024-12-20,0.57616,0.57933,0.56077,0.56547,NZD/USD,-1.875824252099667
2024-12-27,0.5635,0.56616,0.56135,0.56371,NZD/USD,-0.3112455125824476
2025-01-03,0.56325,0.56648,0.55867,0.56124,NZD/USD,-0.43816856184919484
2025-01-10,0.56188,0.56929,0.55428,0.55554,NZD/USD,-1.0156082959161705
2025-01-17,0.55581,0.56513,0.55411,0.55826,NZD/USD,0.48961370918385594
2025-01-24,0.55881,0.57239,0.5579,0.57107,NZD/USD,2.294629742413923
2025-01-31,0.56977,0.57055,0.56221,0.56378,NZD/USD,-1.2765510357749532
2025-02-07,0.55899,0.57028,0.5516,0.56601,NZD/USD,0.39554436127569037
2025-02-14,0.56416,0.57385,0.56005,0.57323,NZD/USD,1.2755958375293641
2025-02-21,0.57227,0.57728,0.56775,0.57411,NZD/USD,0.15351604068174485
2025-02-28,0.57425,0.57704,0.55849,0.5599,NZD/USD,-2.4751354270087678
2025-03-07,0.56015,0.57603,0.55932,0.57091,NZD/USD,1.966422575459914
2025-03-14,0.57128,0.5756,0.56772,0.57501,NZD/USD,0.7181517226883427
2025-03-21,0.57503,0.58316,0.57227,0.57345,NZD/USD,-0.2712996295716641
2025-03-28,0.57393,0.57629,0.57097,0.57143,NZD/USD,-0.3522539018223081
2025-04-04,0.57936,0.57968,0.55538,0.55967,NZD/USD,-2.057994855012857
2024-04-05,90.5295,91.70551,90.109,91.15401,NZD/JPY,
2024-04-12,91.122,92.377,90.70551,91.0075,NZD/JPY,-0.16072798113874187
2024-04-19,90.9135,91.6145,89.9595,91.0565,NZD/JPY,0.05384171634206236
2024-04-26,91.037,94.095,90.9425,94.024,NZD/JPY,3.258965587300189
2024-05-03,93.903,95.4135,90.811,91.89149,NZD/JPY,-2.2680485833404207
2024-05-10,91.924,93.9115,91.836,93.7695,NZD/JPY,2.043725703000332
2024-05-17,93.7035,95.57401,93.4805,95.5265,NZD/JPY,1.8737435946656555
2024-05-24,95.4675,96.1515,95.0675,96.083,NZD/JPY,0.5825608600754872
2024-05-31,96.0735,96.7415,95.429,96.621,NZD/JPY,0.559932558308951
2024-06-07,96.5365,96.8615,95.269,95.698,NZD/JPY,-0.9552788731228223
2024-06-14,95.734,97.251,95.6155,96.665,NZD/JPY,1.0104704382536855
2024-06-21,96.6475,97.792,96.0955,97.7775,NZD/JPY,1.1508819117570956
2024-06-28,97.686,98.14951,97.287,97.999,NZD/JPY,0.22653473447367123
2024-07-05,98.0265,98.869,97.744,98.823,NZD/JPY,0.8408249063766027
2024-07-12,98.67751,99.042,96.09351,96.601,NZD/JPY,-2.248464426297514
2024-07-19,96.5945,96.74651,94.4375,94.6505,NZD/JPY,-2.0191302367470354
2024-07-26,94.6615,94.839,89.79649,90.54449,NZD/JPY,-4.338075340331004
2024-08-02,90.526,91.53,87.29,87.324,NZD/JPY,-3.556803953503962
2024-08-09,87.35651,88.98801,83.0625,87.9725,NZD/JPY,0.7426366176537913
2024-08-16,87.963,89.772,87.934,89.351,NZD/JPY,1.566966949899129
2024-08-23,89.2815,90.276,88.24049,90.017,NZD/JPY,0.7453749818132849
2024-08-30,89.7715,91.422,89.1285,91.359,NZD/JPY,1.4908295099814506
2024-09-06,91.3055,91.659,87.7015,87.8815,NZD/JPY,-3.8064120666819856
2024-09-13,87.91299,88.416,86.315,86.7395,NZD/JPY,-1.299477136826288
2024-09-20,86.688,89.948,86.27299,89.7545,NZD/JPY,3.4759250399183594
2024-09-27,89.735,92.292,89.369,90.207,NZD/JPY,0.5041529951144597
2024-10-04,90.153,91.9655,89.8675,91.562,NZD/JPY,1.5021007238906092
2024-10-11,91.64349,91.931,90.1055,91.0955,NZD/JPY,-0.5094908368100226
2024-10-18,90.894,91.363,90.07201,90.7915,NZD/JPY,-0.33371571592449856
2024-10-25,90.78149,92.05,90.565,91.027,NZD/JPY,0.259385515163868
2024-11-01,91.6615,91.859,90.4255,91.249,NZD/JPY,0.24388368286332174
2024-11-08,91.375,92.473,90.7375,91.0535,NZD/JPY,-0.21424892327586154
2024-11-15,91.072,91.9585,90.237,90.5075,NZD/JPY,-0.5996474600097779
2024-11-22,90.5675,91.8195,89.983,90.2725,NZD/JPY,-0.25964699058088625
2024-11-29,90.279,90.56,88.459,88.68,NZD/JPY,-1.7641031321830924
2024-12-06,88.5005,88.9115,87.265,87.4685,NZD/JPY,-1.3661479476770433
2024-12-13,87.5665,89.002,87.012,88.6065,NZD/JPY,1.301039802900461
2024-12-20,88.5225,89.31,86.72,88.349,NZD/JPY,-0.29061073397549375
2024-12-27,88.311,89.102,88.2345,89.0535,NZD/JPY,0.79740574313234
2025-01-03,88.862,89.4445,87.716,88.247,NZD/JPY,-0.9056353764871683
2025-01-10,88.305,89.7175,87.4755,87.6145,NZD/JPY,-0.7167382460593452
2025-01-17,87.6845,88.7425,86.6805,87.273,NZD/JPY,-0.3897756649869688
2025-01-24,87.344,89.2875,87.2055,89.0045,NZD/JPY,1.9840042166534788
2025-01-31,88.737,88.856,86.657,87.5135,NZD/JPY,-1.6751961979450503
2025-02-07,86.523,87.4785,85.265,85.6635,NZD/JPY,-2.113959560524936
2025-02-14,85.3635,87.4125,85.316,87.2675,NZD/JPY,1.8724427556660705
2025-02-21,87.153,87.35,85.453,85.642,NZD/JPY,-1.8626636491248183
2025-02-28,85.701,86.168,83.655,84.338,NZD/JPY,-1.5226174073468601
2025-03-07,84.395,85.644,83.141,84.531,NZD/JPY,0.22884109179730494
2025-03-14,84.517,85.5515,83.3,85.478,NZD/JPY,1.1202990618826014
2025-03-21,85.535,87.3815,85.0365,85.734,NZD/JPY,0.299492267016066
2025-03-28,85.743,86.8785,85.4905,85.657,NZD/JPY,-0.08981267641775537
2025-04-04,84.59545,84.72396,81.14862,82.26559,NZD/JPY,-3.959291126236031
2024-04-05,0.81005,0.81875,0.80665,0.81692,NZD/CAD,
2024-04-12,0.81694,0.82492,0.81651,0.81757,NZD/CAD,0.07956715467856146
2024-04-19,0.81797,0.81896,0.80784,0.80954,NZD/CAD,-0.982178895996666
2024-04-26,0.80873,0.81577,0.80868,0.81191,NZD/CAD,0.2927588507053436
2024-05-03,0.81235,0.82411,0.80948,0.82261,NZD/CAD,1.3178800605978314
2024-05-10,0.82261,0.82592,0.8206,0.82289,NZD/CAD,0.034038000996838846
2024-05-17,0.82247,0.83563,0.82054,0.83503,NZD/CAD,1.4752883131402772
2024-05-24,0.83508,0.83837,0.83056,0.83655,NZD/CAD,0.18202938816569425
2024-05-31,0.83575,0.84055,0.83486,0.83725,NZD/CAD,0.08367700675393497
2024-06-07,0.83727,0.84957,0.83685,0.84025,NZD/CAD,0.3583159151985704
2024-06-14,0.83995,0.85189,0.83965,0.84355,NZD/CAD,0.39274025587623385
2024-06-21,0.84298,0.84347,0.83718,0.83772,NZD/CAD,-0.6911267856084424
2024-06-28,0.83755,0.83889,0.83125,0.83308,NZD/CAD,-0.5538843527670312
2024-07-05,0.83341,0.83852,0.82941,0.8383,NZD/CAD,0.6265904835069946
2024-07-12,0.838,0.83948,0.82731,0.83422,NZD/CAD,-0.4866992723368768
2024-07-19,0.83275,0.83406,0.82459,0.82508,NZD/CAD,-1.0956342451631351
2024-07-26,0.82541,0.82649,0.81289,0.81467,NZD/CAD,-1.2616958355553431
2024-08-02,0.81609,0.82888,0.81177,0.82655,NZD/CAD,1.4582591724256355
2024-08-09,0.82662,0.82876,0.81586,0.82353,NZD/CAD,-0.365374145544739
2024-08-16,0.82393,0.83403,0.82057,0.82815,NZD/CAD,0.5609995992860162
2024-08-23,0.82826,0.84253,0.82683,0.84225,NZD/CAD,1.7025901104872343
2024-08-30,0.84074,0.84742,0.83548,0.84313,NZD/CAD,0.10448204214901224
2024-09-06,0.84232,0.84343,0.83477,0.83779,NZD/CAD,-0.6333542870020081
2024-09-13,0.83744,0.84028,0.83114,0.83675,NZD/CAD,-0.12413612003008279
2024-09-20,0.83717,0.84925,0.83564,0.8462,NZD/CAD,1.1293695847027108
2024-09-27,0.84612,0.85851,0.84245,0.85723,NZD/CAD,1.303474355944223
2024-10-04,0.85637,0.86138,0.8348,0.83627,NZD/CAD,-2.445084749717119
2024-10-11,0.83608,0.84196,0.82878,0.84083,NZD/CAD,0.5452784387817378
2024-10-18,0.8388,0.84335,0.83275,0.83817,NZD/CAD,-0.31635407870794774
2024-10-25,0.83811,0.83977,0.82943,0.83029,NZD/CAD,-0.9401434076619308
2024-11-01,0.83055,0.83458,0.82651,0.83194,NZD/CAD,0.19872574642594287
2024-11-08,0.83513,0.83681,0.82388,0.82989,NZD/CAD,-0.246412000865448
2024-11-15,0.82978,0.83211,0.81985,0.82644,NZD/CAD,-0.41571774572534137
2024-11-22,0.8266,0.82713,0.81368,0.81553,NZD/CAD,-1.320120032912242
2024-11-29,0.81662,0.83123,0.81536,0.82923,NZD/CAD,1.6798891518399195
2024-12-06,0.82726,0.82938,0.8198,0.82557,NZD/CAD,-0.44137332223870285
2024-12-13,0.82652,0.83151,0.81697,0.82021,NZD/CAD,-0.6492483980764852
2024-12-20,0.82008,0.82479,0.80922,0.81165,NZD/CAD,-1.0436351666036736
2024-12-27,0.81146,0.81394,0.80884,0.81221,NZD/CAD,0.06899525657610983
2025-01-03,0.81187,0.81543,0.80404,0.81085,NZD/CAD,-0.16744438014799634
2025-01-10,0.81119,0.81424,0.79963,0.80146,NZD/CAD,-1.158044027871985
2025-01-17,0.80172,0.80886,0.7995,0.80831,NZD/CAD,0.8546901904025184
2025-01-24,0.80873,0.82026,0.80809,0.81897,NZD/CAD,1.3188009550791246
2025-01-31,0.81852,0.8219,0.8131,0.8219,NZD/CAD,0.357766462751985
2025-02-07,0.82261,0.82417,0.80735,0.80905,NZD/CAD,-1.5634505414283906
2025-02-14,0.8098,0.81312,0.80287,0.81233,NZD/CAD,0.4054137568753502
2025-02-21,0.81124,0.81797,0.806,0.81652,NZD/CAD,0.5158002289709973
2025-02-28,0.81699,0.81999,0.80697,0.80936,NZD/CAD,-0.8768921765541671
2025-03-07,0.80935,0.82522,0.80822,0.82088,NZD/CAD,1.4233468419492024
2025-03-14,0.82084,0.82807,0.81775,0.82611,NZD/CAD,0.6371211382906194
2025-03-21,0.82628,0.83469,0.82186,0.82284,NZD/CAD,-0.3958310636598017
2025-03-28,0.82405,0.82411,0.81673,0.81809,NZD/CAD,-0.5772689708813394
2025-04-04,0.81642,0.81668,0.79071,0.79624,NZD/CAD,-2.6708552848708655
2024-04-05,0.53952,0.54774,0.53755,0.54241,NZD/CHF,
2024-04-12,0.54147,0.54961,0.54072,0.5429,NZD/CHF,0.09033756752274691
2024-04-19,0.54191,0.54411,0.52814,0.53594,NZD/CHF,-1.2820040523116694
2024-04-26,0.53601,0.54487,0.53586,0.5432,NZD/CHF,1.3546292495428602
2024-05-03,0.54329,0.54602,0.53997,0.54393,NZD/CHF,0.13438880706921896
2024-05-10,0.54402,0.54701,0.54326,0.54563,NZD/CHF,0.31254021657196596
2024-05-17,0.54544,0.55775,0.54405,0.55773,NZD/CHF,2.2176199989003553
2024-05-24,0.55742,0.56035,0.55452,0.55994,NZD/CHF,0.3962490810965891
2024-05-31,0.55964,0.56241,0.55207,0.5544,NZD/CHF,-0.9893917205414882
2024-06-07,0.55446,0.55577,0.54708,0.54734,NZD/CHF,-1.2734487734487598
2024-06-14,0.54774,0.555,0.5452,0.5468,NZD/CHF,-0.09865896883108904
2024-06-21,0.54664,0.54757,0.54067,0.54712,NZD/CHF,0.05852231163132604
2024-06-28,0.54672,0.54878,0.54456,0.54737,NZD/CHF,0.045693814885217066
2024-07-05,0.54746,0.55263,0.54654,0.5505,NZD/CHF,0.5718252735809282
2024-07-12,0.55001,0.55085,0.54434,0.54728,NZD/CHF,-0.5849227974568549
2024-07-19,0.54681,0.54719,0.53369,0.53405,NZD/CHF,-2.4174097354187962
2024-07-26,0.53444,0.53523,0.51689,0.52055,NZD/CHF,-2.5278531972661833
2024-08-02,0.52032,0.52427,0.51097,0.51115,NZD/CHF,-1.8057823455959965
2024-08-09,0.51174,0.52293,0.49445,0.519,NZD/CHF,1.5357527144673755
2024-08-16,0.51881,0.52634,0.51777,0.52437,NZD/CHF,1.0346820809248536
2024-08-23,0.52366,0.52871,0.52244,0.52858,NZD/CHF,0.8028682037492629
2024-08-30,0.52811,0.53209,0.52463,0.53113,NZD/CHF,0.4824246093306561
2024-09-06,0.53072,0.53189,0.51947,0.52056,NZD/CHF,-1.9900965865230713
2024-09-13,0.52072,0.52654,0.51744,0.52242,NZD/CHF,0.35730751498386226
2024-09-20,0.52205,0.53131,0.52128,0.53034,NZD/CHF,1.5160215918226694
2024-09-27,0.53016,0.53674,0.52982,0.53288,NZD/CHF,0.478938039748078
2024-10-04,0.53289,0.53837,0.52718,0.52856,NZD/CHF,-0.8106890857228599
2024-10-11,0.52904,0.53039,0.52005,0.5237,NZD/CHF,-0.9194793400938317
2024-10-18,0.52268,0.52647,0.52095,0.5251,NZD/CHF,0.2673286232575789
2024-10-25,0.52531,0.52611,0.51733,0.51793,NZD/CHF,-1.3654541992001556
2024-11-01,0.51925,0.52065,0.5139,0.51911,NZD/CHF,0.22783001563917438
2024-11-08,0.52024,0.52656,0.51553,0.5224,NZD/CHF,0.6337770414748256
2024-11-15,0.52298,0.52621,0.5196,0.52002,NZD/CHF,-0.45558958652371917
2024-11-22,0.52238,0.52245,0.51667,0.52101,NZD/CHF,0.19037729318100993
2024-11-29,0.52167,0.52275,0.51494,0.52027,NZD/CHF,-0.14203182280569937
2024-12-06,0.52077,0.52354,0.51135,0.51248,NZD/CHF,-1.4972994791166094
2024-12-13,0.51343,0.51671,0.50965,0.5146,NZD/CHF,0.41367467998749685
2024-12-20,0.51551,0.51788,0.5031,0.50457,NZD/CHF,-1.9490866692576714
2024-12-27,0.50387,0.51072,0.5036,0.50921,NZD/CHF,0.9195949025903483
2025-01-03,0.50797,0.51152,0.5065,0.51002,NZD/CHF,0.15906993185521578
2025-01-10,0.51039,0.51493,0.50867,0.50919,NZD/CHF,-0.1627387161287741
2025-01-17,0.50925,0.51476,0.50811,0.51079,NZD/CHF,0.3142245527209653
2025-01-24,0.51136,0.51787,0.51037,0.51718,NZD/CHF,1.2510033477554305
2025-01-31,0.51657,0.51686,0.51103,0.51402,NZD/CHF,-0.6110058393595907
2025-02-07,0.51111,0.51582,0.50578,0.51502,NZD/CHF,0.19454495934010385
2025-02-14,0.51393,0.51776,0.51048,0.51528,NZD/CHF,0.05048347636984474
2025-02-21,0.51429,0.51869,0.51315,0.51564,NZD/CHF,0.06986492780625131
2025-02-28,0.51637,0.51711,0.50337,0.50546,NZD/CHF,-1.9742455977038165
2025-03-07,0.50616,0.51183,0.49911,0.50226,NZD/CHF,-0.6330866933090595
2025-03-14,0.50269,0.50942,0.49848,0.50924,NZD/CHF,1.3897184725042866
2025-03-21,0.50889,0.51398,0.50502,0.50652,NZD/CHF,-0.53412929070773
2025-03-28,0.50671,0.50934,0.503,0.50341,NZD/CHF,-0.6139935244412698
2025-04-04,0.49774,0.49774,0.47677,0.48171,NZD/CHF,-4.31060169643035
